Chapter,Verse,Word,MS_Bmg,MS_B,Categories,Subcategories,Subcategories,,,,,,,,,,,Line
10,19cd,1,,זרע,,,,Lexical,Synonym,,,,,,,,,1
10,19cd,2,,נקלה,,,,,,,,,,,,,,1
10,19cd,3,,מ̇ה̇,,,,,,,,,,,,,,1
10,19cd,4,,זרע,,,,Morphological,Anthonym,,,,,,,,,1
10,19cd,5,,לאנוש,,,,Inversion,Metathesis,,,,,,,,,1
10,19cd,6,,זרע,,,,,,,,,,,,,,1
10,19cd,7,,נקלה,,,,Unclassified,Letter interchange,,,,,,,,,1
10,19cd,8,,עובר,,,,,Masc/Fem,,,,,,,,,1
10,19cd,9,,מצוה׃,,,,Plus_Minus,Phonetic_affinity,,,,,,,,,1
10,20,1,,בין,,,,Same,Grammatical,,,,,,,,,2
10,20,2,,אחים,,,,Unclassifiable,Orthographical,,,,,,,,,2
10,20,3,,ראשם,,,,,,,,,,,,,,2
10,20,4,,נכבד,,,,,Preposition,,,,,,,,,2
10,20,5,,וירא,,,,,,,,,,,,,,2
10,20,6,,אלהים,,,,,,,,,,,,,,2
10,20,7,,נכבד,,,,,,,,,,,,,,2
10,20,8,,ממנו׃,,,,,,,,,,,,,,2
10,22,1,,גר,,,,,,,,,,,,,,3
10,22,2,,זר,,,,,,,,,,,,,,3
10,22,3,,נכרי,,,,,,,,,,,,,,3
10,22,4,,ורש,,,,,,,,,,,,,,3
10,22,5,,תפארתם,,,,,,,,,,,,,,3
10,22,6,ביר,ירא֟ת,Morphological,Preposition,,,,,,,,,,,,3
10,22,7,,ייי׃,,,,,,,,,,,,,,3
10,22,8,,ב,,,,,,,,,,,,,,3
10,22,9,,ביר,,,,,,,,,,,,,,3
10,23,1,,אין,,,,,,,,,,,,,,4
10,23,2,,לבזות,,,,,,,,,,,,,,4
10,23,3,,דל,,,,,,,,,,,,,,4
10,23,4,,משכיל,,,,,,,,,,,,,,4
10,23,5,,ואין,,,,,,,,,,,,,,4
10,23,6,,לכבד,,,,,,,,,,,,,,4
10,23,7,,כל,,,,,,,,,,,,,,4
10,23,8,,איש,,,,,,,,,,,,,,4
10,23,9,,חמס׃,,,,,,,,,,,,,,4
10,24,1,,שר,,,,,,,,,,,,,,5
10,24,2,,שופט,,,,,,,,,,,,,,5
10,24,3,,ומושל,,,,,,,,,,,,,,5
10,24,4,,נכבדו,,,,,,,,,,,,,,5
10,24,5,,וא̇,,,,,,,,,,,,,,5
10,24,6,,,,,,,,,,,,,,,,5
10,24,7,,"
                    ",,,,,,,,,,,,,,5
10,24,8,,"
                    ",,,,,,,,,,,,,,5
10,25,1,,עבד,,,,,,,,,,,,,,6
10,25,2,,משכיל,,,,,,,,,,,,,,6
10,25,3,,חביב,,,,,,,,,,,,,,6
10,25,4,,כנפש,,,,,,,,,,,,,,6
10,25,5,,"
                    ",,,,,,,,,,,,,,6
10,25,6,,עבד,,,,,,,,,,,,,,7
10,25,7,,משכיל,,,,,,,,,,,,,,7
10,25,8,,חורים,,,,,,,,,,,,,,7
10,25,9,,יעבדוהו,,,,,,,,,,,,,,7
10,25,10,,וגב̊̊,,,,,,,,,,,,,,7
10,25,11,,עּבּדּ,,,,,,,,,,,,,,8
10,25,12,,מּשּכּיּלּ,,,,,,,,,,,,,,8
10,25,13,,חּבּיּבּ,,,,,,,,,,,,,,8
10,25,14,,כּנּפּשּ,,,,,,,,,,,,,,8
10,25,15,,וּגּבּרּ,,,,,,,,,,,,,,8
10,25,16,,מּשּ̊̊,,,,,,,,,,,,,,8
10,25,17,,עבד,,,,,,,,,,,,,,8
10,25,18,,משכיל,,,,,,,,,,,,,,8
10,25,19,,חביב,,,,,,,,,,,,,,8
10,25,20,,כנפש,,,,,,,,,,,,,,8
10,25,21,,וג,,,,,,,,,,,,,,8
10,25,22,,בר,,,,,,,,,,,,,,8
10,25,23,,צ̊̊רכ̊̊ך,,,,,,,,,,,,,,8
10,26,1,,אל,,,,,,,,,,,,,,9
10,26,2,,תתחכם,,,,,,,,,,,,,,9
10,26,3,,לעשות,,,,,,,,,,,,,,9
10,26,4,צרכך,חפ֟צך,Lexical,Synonym,,,,,,,,,,,,9
10,26,5,,ואל,,,,,,,,,,,,,,9
10,26,6,,תתכב̊̊,,,,,,,,,,,,,,9
10,27,1,,טוב,,,,,,,,,,,,,,10
10,27,2,,עובד,,,,,,,,,,,,,,10
10,27,3,,ויותר,,,,,,,,,,,,,,10
10,27,4,,הון,,,,,,,,,,,,,,10
10,27,5,,ממתכבד̊̊,,,,,,,,,,,,,,10
10,28,1,,בני,,,,,,,,,,,,,,12
10,28,2,,בענוה,,,,,,,,,,,,,,12
10,28,3,,כבד,,,,,,,,,,,,,,12
10,28,4,,נפשך,,,,,,,,,,,,,,12
10,28,5,,ותן,,,,,,,,,,,,,,12
10,28,6,,לה,,,,,,,,,,,,,,12
10,28,7,,טעם,,,,,,,,,,,,,,12
10,28,8,,כי̊̊ו̊̊צ̊̊,,,,,,,,,,,,,,12
10,29,1,,בני,,,,,,,,,,,,,,13
10,29,2,,מרשיע,,,,,,,,,,,,,,13
10,29,3,,נפשו,,,,,,,,,,,,,,13
10,29,4,,מי,,,,,,,,,,,,,,13
10,29,5,,יצדיקנו,,,,,,,,,,,,,,13
10,29,6,,ומי,,,,,,,,,,,,,,13
10,29,7,,יכבד,,,,,,,,,,,,,,13
10,29,8,,מ̊̊,,,,,,,,,,,,,,13
10,29,9,,יש?,,,,,,,,,,,,,,13
10,30,1,,֟דל,,,,,,,,,,,,,,14
10,30,2,,נכבד,,,,,,,,,,,,,,14
10,30,3,,בגלל,,,,,,,,,,,,,,14
10,30,4,,שכלו,,,,,,,,,,,,,,14
10,30,5,,ויש,,,,,,,,,,,,,,14
10,30,6,,איש,,,,,,,,,,,,,,14
10,30,7,,עשיר,,,,,,,,,,,,,,14
10,30,8,,נכבד,,,,,,,,,,,,,,14
10,30,9,,ב̇ג̇ל̇ל̊̊,,,,,,,,,,,,,,14
10,30,10,,"
                    ",,,,,,,,,,,,,,14
10,31,1,,הנכבד,,,,,,,,,,,,,,15
10,31,2,,בעיניו,,,,,,,,,,,,,,15
10,31,3,,ב̊̊ע̇שרו,,,,,,,,,,,,,,15
10,31,4,,איככה,,,,,,,,,,,,,,15
10,31,5,,ונקלה,,,,,,,,,,,,,,15
10,31,6,,בעשרו,,,,,,,,,,,,,,15
10,31,7,,בעיניו,,,,,,,,,,,,,,15
10,31,8,,איככה׃,,,,,,,,,,,,,,15
10,31,9,,המתכבד,,,,,,,,,,,,,,16
10,31,10,,בדלותו,,,,,,,,,,,,,,16
10,31,11,,בעשרו,,,,,,,,,,,,,,16
10,31,12,,מתכבד,,,,,,,,,,,,,,16
10,31,13,,יתר,,,,,,,,,,,,,,16
10,31,14,,והנקלה,,,,,,,,,,,,,,16
10,31,15,,בעשרו,,,,,,,,,,,,,,16
10,31,16,,בדלותו,,,,,,,,,,,,,,16
10,31,17,,נקלה,,,,,,,,,,,,,,16
10,31,18,,יתר׃,,,,,,,,,,,,,,16
11,1,1,,חכמת,,,,,,,,,,,,,,17
11,1,2,,ד̇ל,,,,,,,,,,,,,,17
11,1,3,,תשא,,,,,,,,,,,,,,17
11,1,4,,ר̊̊אשו,,,,,,,,,,,,,,17
11,1,5,,ו̊̊ב̊̊י̊̊ן̊̊,,,,,,,,,,,,,,17
11,1,6,,נ̇ד̊̊,,,,,,,,,,,,,,17
11,1,7,,,,,,,,,,,,,,,,17
11,1,8,,]ם̊̊,,,,,,,,,,,,,,17
11,1,9,,ת̊̊ו̊̊שי̊̊בנו׃,,,,,,,,,,,,,,17
11,1,10,,מכֿוֹעָר,,,,,,,,,,,,,,17
11,2,1,,אל,,,,,,,,,,,,,,18
11,2,2,,תהלל,,,,,,,,,,,,,,18
11,2,3,,אד̊̊ם̇,,,,,,,,,,,,,,18
11,2,4,,בתואר̊̊ו,,,,,,,,,,,,,,18
11,2,5,אל,ואל,Morphological,Coordination,,,,,,,,,,,,18
11,2,6,תתעב̊,ת̇ת̇עב,Same,,,,,,,,,,,,,18
11,2,7,א̇ד̇ם̊,אדם,Same,,,,,,,,,,,,,18
11,2,8,מכוער,מע֟זב,Lexical,Synonym,,,,,,,,,,,,18
11,2,8,,מע֟זב,Plus_Minus,,,,,,,,,,,,,18
11,2,9,ב̊מ̊,ב̇מ̊̊ר̊̊א̊̊ה̇ו̇׃,Unclassifiable,,,,,,,,,,,,,18
11,3,1,,קטנה,,,,,,,,,,,,,,1
11,3,2,,בעוף,,,,,,,,,,,,,,1
11,3,3,,דבורה,,,,,,,,,,,,,,1
11,3,4,,וראש,,,,,,,,,,,,,,1
11,3,5,,תנובות,,,,,,,,,,,,,,1
11,3,6,,פריה׃,,,,,,,,,,,,,,1
11,3,7,,אליֿל,,,,,,,,,,,,,,2
11,3,8,,בעוף,,,,,,,,,,,,,,2
11,3,9,,דבורה,,,,,,,,,,,,,,2
11,3,10,,וראש,,,,,,,,,,,,,,2
11,3,11,,תנובות,,,,,,,,,,,,,,2
11,3,12,,פ̇ר̇י̇ה׃,,,,,,,,,,,,,,2
11,4,1,,במעוטף,,,,,,,,,,,,,,3
11,4,2,,בגדים,,,,,,,,,,,,,,3
11,4,3,,אל,,,,,,,,,,,,,,3
11,4,4,,תתפאר,,,,,,,,,,,,,,3
11,4,5,,ואל,,,,,,,,,,,,,,3
11,4,6,,תקלס,,,,,,,,,,,,,,3
11,4,7,,במרירי,,,,,,,,,,,,,,3
11,4,8,,יום,,,,,,,,,,,,,,3
11,4,9,,בעוטה,,,,,,,,,,,,,,4
11,4,10,,אזור,,,,,,,,,,,,,,4
11,4,11,,אל,,,,,,,,,,,,,,4
11,4,12,,תהתל,,,,,,,,,,,,,,4
11,4,13,,ואל,,,,,,,,,,,,,,4
11,4,14,,תקלס,,,,,,,,,,,,,,4
11,4,15,,במרירי,,,,,,,,,,,,,,4
11,4,16,,יום׃,,,,,,,,,,,,,,4
11,4,17,,"
                    ",,,,,,,,,,,,,,5
11,4,18,,"
                    ",,,,,,,,,,,,,,5
11,4,19,,,,,,,,,,,,,,,,5
11,4,20,,יי,,,,,,,,,,,,,,5
11,4,21,,ונעלם,,,,,,,,,,,,,,5
11,4,22,,מאנוש,,,,,,,,,,,,,,5
11,4,23,,פעלו׃,,,,,,,,,,,,,,5
11,5,1,,"
                    ",,,,,,,,,,,,,,6
11,5,2,,"
                    ",,,,,,,,,,,,,,6
11,5,3,,"
                    ",,,,,,,,,,,,,,6
11,5,4,,ע̊̊ל,,,,,,,,,,,,,,6
11,5,5,,כסא,,,,,,,,,,,,,,6
11,5,6,,ובל,,,,,,,,,,,,,,6
11,5,7,,על,,,,,,,,,,,,,,6
11,5,8,,לב,,,,,,,,,,,,,,6
11,5,9,,עטו,,,,,,,,,,,,,,6
11,5,10,,צניף׃,,,,,,,,,,,,,,6
11,5,11,,"
                    ",,,,,,,,,,,,,,7
11,5,12,,כסא,,,,,,,,,,,,,,7
11,5,13,,ושפלי,,,,,,,,,,,,,,7
11,5,14,,לב,,,,,,,,,,,,,,7
11,5,15,,יעטו,,,,,,,,,,,,,,7
11,5,16,,צניף׃,,,,,,,,,,,,,,7
11,6ab,1,,,,,,,,,,,,,,,,8
11,6ab,2,,ונכבדים,,,,,,,,,,,,,,8
11,6ab,3,,נתנו,,,,,,,,,,,,,,8
11,6ab,4,,ביד,,,,,,,,,,,,,,8
11,6ab,5,,זעירים׃,,,,,,,,,,,,,,8
11,6cd,1,,,,,,,,,,,,,,,,9
11,6cd,2,,מאד,,,,,,,,,,,,,,9
11,6cd,3,,והושפלו̇,,,,,,,,,,,,,,9
11,6cd,4,,י̊̊חד,,,,,,,,,,,,,,9
11,6cd,5,,ונכבדים,,,,,,,,,,,,,,9
,,,גם,,Plus_Minus,,,,,,,,,,,,,
11,6cd,6,,֟נתנו,,,,,,,,,,,,,,9
11,6cd,7,,ביד,,,,,,,,,,,,,,9
11,6e,1,,,,,,,,,,,,,,,,9
11,6e,2,והשפלו,,Plus_Minus,,,,,,,,,,,,,9
11,6e,3,יחד,,Plus_Minus,,,,,,,,,,,,,9
11,6f,1,ב̇יד׃,,Plus_Minus,,,,,,,,,,,,,9
11,8ab,1,,ש̊̊אול,,,,,,,,,,,,,,10
11,8ab,2,,ובקהל,,,,,,,,,,,,,,10
11,8ab,3,,טע̇ם,,,,,,,,,,,,,,10
11,8ab,4,,שפוט׃,,,,,,,,,,,,,,10
11,8cd,1,,אל,,,,,,,,,,,,,,11
11,8cd,2,,תשיב,,,,,,,,,,,,,,11
11,8cd,3,,ובתוך֟,,,,,,,,,,,,,,11
11,8cd,4,,שיחה̇,,,,,,,,,,,,,,11
11,8cd,5,,אל,,,,,,,,,,,,,,11
11,8cd,6,,תדבר׃,,,,,,,,,,,,,,11
11,7,1,,"
                    ",,,,,,,,,,,,,,12
11,7,2,,,,,,,,,,,,,,,,12
11,7,3,,אל,,,,,,,,,,,,,,12
11,7,4,,תסלף,,,,,,,,,,,,,,12
11,7,5,,בקר,,,,,,,,,,,,,,12
11,7,6,,לפנים,,,,,,,,,,,,,,12
11,7,7,,וא֟חר̇,,,,,,,,,,,,,,12
11,7,8,,תזיף׃,,,,,,,,,,,,,,12
11,8ef,1,,"
                    ",,,,,,,,,,,,,,13
11,8ef,2,,"
                    ",,,,,,,,,,,,,,13
11,8ef,3,,תשיב,,,,,,,,,,,,,,13
11,8ef,4,,דבר,,,,,,,,,,,,,,13
11,8ef,5,,בטרם̊̊,,,,,,,,,,,,,,13
11,8ef,6,,תשמע,,,,,,,,,,,,,,13
11,8ef,7,,ו̊̊ב̊̊תוך,,,,,,,,,,,,,,13
11,8ef,8,,ש̇י̇חה,,,,,,,,,,,,,,13
11,8ef,9,,אל,,,,,,,,,,,,,,13
11,8ef,10,,תדבר׃,,,,,,,,,,,,,,13
11,9,1,באי,ב̇א̇,Unclassifiable,,,,,,,,,,,,,14
11,9,2,ע̇צ̇ב̊ה̊,עצ֟ה,Morphological,Orthographical,,,,,,,,,,,,14
11,9,3,,אל,,,,,,,,,,,,,,14
11,9,4,,תתור,,,,,,,,,,,,,,14
11,9,5,ריב,ובריב,Unclassifiable,,,,,,,,,,,,,14
11,9,6,זד̊,זדים,Unclassifiable,,,,,,,,,,,,,14
11,9,7,,אל,,,,,,,,,,,,,,14
11,9,8,,תקומם׃,,,,,,,,,,,,,,14
11,10ab,1,,אם,,,,,,,,,,,,,,15
11,10ab,2,,תברח,,,,,,,,,,,,,,15
11,10ab,3,,לא,,,,,,,,,,,,,,15
11,10ab,4,,תדביק,,,,,,,,,,,,,,15
11,10ab,5,,ול,,,,,,,,,,,,,,15
11,10ab,6,,,,,,,,,,,,,,,,15
11,10ab,7,,אם,,,,,,,,,,,,,,15
11,10ab,8,,תנוס׃,,,,,,,,,,,,,,15
11,10cd,1,,בני,,,,,,,,,,,,,,17
11,10cd,2,,למה̇,,,,,,,,,,,,,,17
11,10cd,3,,ת̊̊ר̊̊ב̊̊ה̊̊,,,,,,,,,,,,,,17
11,10cd,4,עשקך,ע̊̊֟ש̇ק̊̊,Morphological,Suffix Pron.,,,,,,,,,,,,17
11,10cd,5,,וא̊̊ץ,,,,,,,,,,,,,,17
11,10cd,6,,להרבו̊̊ת,,,,,,,,,,,,,,17
11,10cd,7,,לוא,,,,,,,,,,,,,,17
11,10cd,8,,ינקה׃,,,,,,,,,,,,,,17
11,10ef,1,,בני,,,,,,,,,,,,,,18
11,10ef,2,,אם,,,,,,,,,,,,,,18
11,10ef,3,,לא,,,,,,,,,,,,,,18
11,10ef,4,,תרו̊̊ץ,,,,,,,,,,,,,,18
11,10ef,5,,לא,,,,,,,,,,,,,,18
11,10ef,6,,ת̇ג̊̊י̊̊ע̊̊,,,,,,,,,,,,,,18
11,10ef,7,,ואם,,,,,,,,,,,,,,18
11,10ef,8,,לא,,,,,,,,,,,,,,18
11,10ef,9,,תבקש,,,,,,,,,,,,,,18
11,10ef,10,,לא,,,,,,,,,,,,,,18
11,10ef,11,,ת̇מ̇צ̇א̇,,,,,,,,,,,,,,18
15,1,1,,כי,,,,,,,,,,,,,,1
15,1,2,,ירא,,,,,,,,,,,,,,1
15,1,3,,ייי,,,,,,,,,,,,,,1
15,1,4,,יעשה,,,,,,,,,,,,,,1
15,1,5,,זאת,,,,,,,,,,,,,,1
15,1,6,,ותופש,,,,,,,,,,,,,,1
15,1,7,,תורה,,,,,,,,,,,,,,1
15,1,8,,יד̊̊ר̊̊י̇כ̇נ̇ה׃,,,,,,,,,,,,,,1
15,2,1,,וקדמתהו,,,,,,,,,,,,,,2
15,2,2,,כּאם,,,,,,,,,,,,,,2
15,2,3,,וכאשת,,,,,,,,,,,,,,2
15,2,4,,נעורים,,,,,,,,,,,,,,2
15,2,5,,ת̇ק̇ב̇לנו׃,,,,,,,,,,,,,,2
15,3,1,,והאכִּילתהו,,,,,,,,,,,,,,3
15,3,2,,לחם,,,,,,,,,,,,,,3
15,3,3,,שכל,,,,,,,,,,,,,,3
15,3,4,,ומיֵ,,,,,,,,,,,,,,3
15,3,5,ומתבואתה̊̊,ת֟בונה,Lexical,,,,,,,,,,,,,3
15,3,6,,תשקנו׃,,,,,,,,,,,,,,3
15,3,7,,ו,,,,,,,,,,,,,,3
15,4,1,,ונשען,,,,,,,,,,,,,,4
15,4,2,,עליה,,,,,,,,,,,,,,4
15,4,3,,ולא,,,,,,,,,,,,,,4
15,4,4,,ימוט,,,,,,,,,,,,,,4
15,4,5,,ובה,,,,,,,,,,,,,,4
15,4,6,,יב̇ט̊̊ח̊̊,,,,,,,,,,,,,,4
15,4,7,,ו̊̊לא̇,,,,,,,,,,,,,,4
15,4,8,,,,,,,,,,,,,,,,4
15,4,9,,בתוך,,,,,,,,,,,,,,4
15,4,10,,{מ}רעהוּ,,,,,,,,,,,,,,4
15,5,1,,ורוממתהו,,,,,,,,,,,,,,5
,,,ובתוך,,Plus_Minus,,,,,,,,,,,,,
15,5,2,מרעהו,֟מרעהו,Same,,,,,,,,,,,,,5
15,5,3,,ובתוך,,,,,,,,,,,,,,5
15,5,4,,ק̇,,,,,,,,,,,,,,5
15,6,1,,ששון,,,,,,,,,,,,,,6
15,6,2,,ושמחה,,,,,,,,,,,,,,6
15,6,3,ימצא,ת֟מצא,Morphological,Grammatical,,,,,,,,,,,,6
15,6,4,,וש̇,,,,,,,,,,,,,,6
15,7,1,,לא,,,,,,,,,,,,,,7
15,7,2,,ידריכוה,,,,,,,,,,,,,,7
15,7,3,,מתי,,,,,,,,,,,,,,7
15,7,4,,שוא,,,,,,,,,,,,,,7
15,7,5,,ואנש̇,,,,,,,,,,,,,,7
15,8,1,,רחוקה,,,,,,,,,,,,,,8
15,8,2,,היא,,,,,,,,,,,,,,8
15,8,3,,מלצים,,,,,,,,,,,,,,8
15,8,4,,ואנ̊̊ש̊̊,,,,,,,,,,,,,,8
15,9,1,,לא,,,,,,,,,,,,,,9
15,9,2,,נאתה,,,,,,,,,,,,,,9
15,9,3,,תהלה,,,,,,,,,,,,,,9
15,9,4,,בפי,,,,,,,,,,,,,,9
15,9,5,,רשע,,,,,,,,,,,,,,9
15,9,6,,כי,,,,,,,,,,,,,,9
15,9,7,,לא,,,,,,,,,,,,,,9
15,9,8,,מ̇א̊̊,,,,,,,,,,,,,,9
15,10,1,,בפי,,,,,,,,,,,,,,10
15,10,2,,חכם,,,,,,,,,,,,,,10
15,10,3,,תאמר,,,,,,,,,,,,,,10
15,10,4,,תהלה̇,,,,,,,,,,,,,,10
15,10,5,,ומושל,,,,,,,,,,,,,,10
15,10,6,,ב̊̊,,,,,,,,,,,,,,10
15,11ab,1,,אל,,,,,,,,,,,,,,11
15,11ab,2,,תאמר,,,,,,,,,,,,,,11
15,11ab,3,,מאל,,,,,,,,,,,,,,11
15,11ab,4,,פ̇שעי,,,,,,,,,,,,,,11
15,11ab,5,,כי,,,,,,,,,,,,,,11
15,11ab,6,,֟כל,,,,,,,,,,,,,,11
15,11ab,7,,אשר,,,,,,,,,,,,,,11
15,11ab,8,,שנא,,,,,,,,,,,,,,11
15,11ab,9,,א̇מ̇ר̇,,,,,,,,,,,,,,11
15,11ab,10,,ל̇ך̇,,,,,,,,,,,,,,11
15,11cd,1,,אל,,,,,,,,,,,,,,12
15,11cd,2,,תאמר,,,,,,,,,,,,,,12
15,11cd,3,,מה,,,,,,,,,,,,,,12
15,11cd,4,,פעלתּי,,,,,,,,,,,,,,12
15,11cd,5,,כי,,,,,,,,,,,,,,12
15,11cd,6,,את,,,,,,,,,,,,,,12
15,11cd,7,,אשר,,,,,,,,,,,,,,12
15,11cd,8,,שנא,,,,,,,,,,,,,,12
15,11cd,9,,לא,,,,,,,,,,,,,,12
15,11cd,10,,אעש̇,,,,,,,,,,,,,,12
15,12,1,,פן,,,,,,,,,,,,,,13
15,12,2,,תאמר,,,,,,,,,,,,,,13
15,12,3,,היא,,,,,,,,,,,,,,13
15,12,4,,התקילני,,,,,,,,,,,,,,13
15,12,5,,כי,,,,,,,,,,,,,,13
15,12,6,,אין,,,,,,,,,,,,,,13
15,12,7,,לי,,,,,,,,,,,,,,13
15,12,8,,ח֟פץ,,,,,,,,,,,,,,13
15,12,9,,באנשי,,,,,,,,,,,,,,13
15,12,10,,חמס׃,,,,,,,,,,,,,,13
15,12,11,,צ,,,,,,,,,,,,,,13
15,12,12,,צ̊̊,,,,,,,,,,,,,,13
15,12,13,,ורך,,,,,,,,,,,,,,13
15,13,1,רעה,,Plus_Minus,,,,,,,,,,,,,14
15,13,1,,ו֟תועבה,,,,,,,,,,,,,,14
15,13,2,,שנא,,,,,,,,,,,,,,14
15,13,3,,אלהים,,,,,,,,,,,,,,14
15,13,4,,ולא,,,,,,,,,,,,,,14
15,13,5,,יא̊̊נ̊̊נ̊̊ה,,,,,,,,,,,,,,14
15,13,6,,ל,,,,,,,,,,,,,,14
15,13,7,,א̊̊יו׃,,,,,,,,,,,,,,14
15,14,1,,הוא,,,,,,,,,,,,,,15
15,14,2,מבראשית,מ֟ראש,,,,,,,,,,,,,,15
15,14,3,,ברא,,,,,,,,,,,,,,15
15,14,4,,אדם,,,,,,,,,,,,,,15
15,14,5,,וישיתהו,,,,,,,,,,,,,,15
15,14,6,,ב̊̊י̊̊ד̊̊,,,,,,,,,,,,,,15
15,14,7,,,,,,,,,,,,,,,,15
15,14,8,,ו̊̊י̊̊ת̇נ̇ה̇ו̇,,,,,,,,,,,,,,15
15,14,9,,ב̇י̇ד̊̊,,,,,,,,,,,,,,15
15,14,10,,יצ̇ר̇ו׃,,,,,,,,,,,,,,15
15,15,1,,אם,,,,,,,,,,,,,,16
15,15,2,,תח̇פץ,,,,,,,,,,,,,,16
15,15,3,,תשמר,,,,,,,,,,,,,,16
15,15,4,,מצוה,,,,,,,,,,,,,,16
15,15,5,ותבונה,ואמ֟ונה,Lexical,,,,,,,,,,,,,16
15,15,6,לע,לעשות,Same,,,,,,,,,,,,,16
15,15,7,רצונו׃,רצו֟ן,Morphological,Suffix Pron.,,,,,,,,,,,,16
15,15,8,,אל,,,,,,,,,,,,,,16
15,15,10,,ו̇א̇ם̇,,,,,,,,,,,,,,17
15,15,11,,ת̇א̊̊מ̇י̇ן̇,,,,,,,,,,,,,,17
15,15,12,,ב̇ו,,,,,,,,,,,,,,17
15,15,13,,ג̊̊ם̇,,,,,,,,,,,,,,17
15,15,14,,אתה̊̊,,,,,,,,,,,,,,17
15,15,15,,ת̊̊ח̊̊יה׃,,,,,,,,,,,,,,17
15,16,1,,מ̇וצק,,,,,,,,,,,,,,18
15,16,2,,לפ̇ניך,,,,,,,,,,,,,,18
15,16,3,,מים,,,,,,,,,,,,,,18
15,16,4,,ואש,,,,,,,,,,,,,,18
15,16,5,,באשר,,,,,,,,,,,,,,18
15,16,6,,תחפץ,,,,,,,,,,,,,,18
15,16,7,,תשלח,,,,,,,,,,,,,,18
15,16,8,,יד̇י̇ך̇׃,,,,,,,,,,,,,,18
15,17,1,,לפני̇,,,,,,,,,,,,,,1
15,17,2,,א̇דם,,,,,,,,,,,,,,1
15,17,3,,חיים,,,,,,,,,,,,,,1
15,17,4,,ומות,,,,,,,,,,,,,,1
15,17,5,,וכל,,,,,,,,,,,,,,1
15,17,6,,שיחפץ,,,,,,,,,,,,,,1
15,17,7,ינתן,ית֟ן,Morphological,Grammatical,,,,,,,,,,,,1
15,17,8,,לו׃,,,,,,,,,,,,,,1
15,18,1,,כי,,,,,,,,,,,,,,2
15,18,2,,לר̇,,,,,,,,,,,,,,2
15,18,3,,]ב̊̊,,,,,,,,,,,,,,2
15,18,4,,חכמת,,,,,,,,,,,,,,2
15,18,5,,ייי,,,,,,,,,,,,,,2
15,18,6,,אל,,,,,,,,,,,,,,2
15,18,7,,בגבורה,,,,,,,,,,,,,,2
15,18,8,,ומביט,,,,,,,,,,,,,,2
15,18,9,,לכל׃,,,,,,,,,,,,,,2
15,18,10,,ספקה,,,,,,,,,,,,,,3
15,18,11,,חכמת,,,,,,,,,,,,,,3
15,18,12,,ייי,,,,,,,,,,,,,,3
15,18,13,,אמיץ,,,,,,,,,,,,,,3
15,18,14,,גבורות,,,,,,,,,,,,,,3
15,18,15,,וחוזה,,,,,,,,,,,,,,3
15,18,16,,כל׃,,,,,,,,,,,,,,3
15,19,1,,,,,,,,,,,,,,,,4
15,19,2,,א̊̊ל̇,,,,,,,,,,,,,,4
15,19,3,,,,,,,,,,,,,,,,4
15,19,4,,מעשיו,,,,,,,,,,,,,,4
15,19,5,,והוא,,,,,,,,,,,,,,4
15,19,6,,יכיר,,,,,,,,,,,,,,4
15,19,7,,כל,,,,,,,,,,,,,,4
15,19,8,,מפעל,,,,,,,,,,,,,,4
15,19,9,,אנוש׃,,,,,,,,,,,,,,4
15,20,1,,"
                    ",,,,,,,,,,,,,,5
15,20,2,,"
                    ",,,,,,,,,,,,,,5
15,20,3,,"
                    ",,,,,,,,,,,,,,5
15,20,4,,לחטא,,,,,,,,,,,,,,5
15,20,5,,ולא,,,,,,,,,,,,,,5
15,20,6,,למד,,,,,,,,,,,,,,5
15,20,7,,שקרים,,,,,,,,,,,,,,5
15,20,8,,לאנשי,,,,,,,,,,,,,,5
15,20,9,,כזב׃,,,,,,,,,,,,,,5
15,20,10,,כזב,,,,,,,,,,,,,,6
15,20,11,,ולא,,,,,,,,,,,,,,6
15,20,12,,מרחם,,,,,,,,,,,,,,6
15,20,13,,על,,,,,,,,,,,,,,6
15,20,14,,עושה,,,,,,,,,,,,,,6
15,20,15,,שוא,,,,,,,,,,,,,,6
15,20,16,,ועל,,,,,,,,,,,,,,6
15,20,17,,מגלה,,,,,,,,,,,,,,6
15,20,18,,סוד׃,,,,,,,,,,,,,,6
16,1,1,,"
                    ",,,,,,,,,,,,,,7
16,1,2,,"
                    ",,,,,,,,,,,,,,7
16,1,3,,"
                    ",,,,,,,,,,,,,,7
16,1,4,,,,,,,,,,,,,,,,7
16,1,5,,שוא,,,,,,,,,,,,,,7
16,1,6,,ואל,,,,,,,,,,,,,,7
16,1,7,,תשמח,,,,,,,,,,,,,,7
16,1,8,,על,,,,,,,,,,,,,,7
16,1,9,,בני,,,,,,,,,,,,,,7
16,1,10,,עולה׃,,,,,,,,,,,,,,7
16,2,1,,,,,,,,,,,,,,,,8
16,2,2,,ת̊̊ש֟מח,,,,,,,,,,,,,,8
16,2,3,,ב̇ם,,,,,,,,,,,,,,8
16,2,4,,כי,,,,,,,,,,,,,,8
16,2,5,,אין,,,,,,,,,,,,,,8
16,2,6,,אתם,,,,,,,,,,,,,,8
16,2,7,,יראת,,,,,,,,,,,,,,8
16,2,8,,ייי׃,,,,,,,,,,,,,,8
16,3ab,1,,"
                    ",,,,,,,,,,,,,,9
16,3ab,2,,"
                    ",,,,,,,,,,,,,,9
16,3ab,3,,,,,,,,,,,,,,,,9
16,3ab,4,,ואל,,,,,,,,,,,,,,9
16,3ab,5,,תבטח,,,,,,,,,,,,,,9
16,3ab,6,,בחיליהם׃,,,,,,,,,,,,,,9
16,3cd,1,,"
                    ",,,,,,,,,,,,,,10
16,3cd,2,,"
                    ",,,,,,,,,,,,,,10
16,3cd,3,,,,,,,,,,,,,,,,10
16,3cd,4,,כ̊̊י̊̊,,,,,,,,,,,,,,10
16,3cd,5,,לא,,,,,,,,,,,,,,10
16,3cd,6,,תהיה,,,,,,,,,,,,,,10
16,3cd,7,,להם,,,,,,,,,,,,,,10
16,3cd,8,,אחרית,,,,,,,,,,,,,,10
16,3cd,9,,טובה׃,,,,,,,,,,,,,,10
16,3ef,1,,"
                    ",,,,,,,,,,,,,,11
16,3ef,2,,"
                    ",,,,,,,,,,,,,,11
16,3ef,3,,א̊̊חד,,,,,,,,,,,,,,11
16,3ef,4,,ע̇ו̇ש̇ה,,,,,,,,,,,,,,11
16,3ef,5,,רצון,,,,,,,,,,,,,,11
16,3ef,6,,אל,,,,,,,,,,,,,,11
16,3ef,7,,מאלף,,,,,,,,,,,,,,11
16,3ef,8,,ומות,,,,,,,,,,,,,,11
16,3ef,9,,ערירי,,,,,,,,,,,,,,11
16,3ef,10,,מאחרית,,,,,,,,,,,,,,11
16,3ef,11,,זדון,,,,,,,,,,,,,,11
16,3g,1,,,,,,,,,,,,,,,,12
16,3g,2,,מות,,,,,,,,,,,,,,12
16,3g,3,,ערירי,,,,,,,,,,,,,,12
16,3g,4,,ממי,,,,,,,,,,,,,,12
16,3g,5,,שיהיו,,,,,,,,,,,,,,12
16,3g,6,,לו,,,,,,,,,,,,,,12
16,3g,7,,בנים,,,,,,,,,,,,,,12
16,3g,8,,רבים,,,,,,,,,,,,,,12
16,3g,9,,בני,,,,,,,,,,,,,,12
16,3g,10,,עולה,,,,,,,,,,,,,,12
16,3g,11,,ומאחרית,,,,,,,,,,,,,,12
16,3g,12,,זדון׃,,,,,,,,,,,,,,12
16,4ab,1,,מאחד,,,,,,,,,,,,,,13
16,4ab,2,,ערירי,,,,,,,,,,,,,,13
16,4ab,3,,ירא,,,,,,,,,,,,,,13
16,4ab,4,,ייי,,,,,,,,,,,,,,13
16,4ab,5,,תשב̊̊,,,,,,,,,,,,,,13
16,4ab,6,,ע̊̊יר,,,,,,,,,,,,,,13
16,4ab,7,,וממשפחות,,,,,,,,,,,,,,13
16,4ab,8,,בוגדים,,,,,,,,,,,,,,13
16,4ab,9,,תחר̊̊ב̊̊׃,,,,,,,,,,,,,,13
16,4cd,1,,מאחד,,,,,,,,,,,,,,14
16,4cd,2,,מ̊̊,,,,,,,,,,,,,,14
16,4cd,3,,תשב̊̊,,,,,,,,,,,,,,14
16,4cd,4,,עי̇ר̇,,,,,,,,,,,,,,14
16,4cd,5,,וממשפחת,,,,,,,,,,,,,,14
16,4cd,6,,בוגדים,,,,,,,,,,,,,,14
16,4cd,7,,תחרב׃,,,,,,,,,,,,,,14
16,5,1,,ר̇ב̊̊ו̇ת̇,,,,,,,,,,,,,,15
16,5,2,,כ̇א̇ל̇ה̊̊,,,,,,,,,,,,,,15
16,5,3,,ר̊̊א̊̊ת̇ה̊̊,,,,,,,,,,,,,,15
16,5,4,,ע̇י̊̊נ̇י̊̊,,,,,,,,,,,,,,15
16,5,5,,ועצומות,,,,,,,,,,,,,,15
16,5,6,,כאלה,,,,,,,,,,,,,,15
16,5,7,,שמעה,,,,,,,,,,,,,,15
16,5,8,,אזני׃,,,,,,,,,,,,,,15
16,5,9,,יוקדת,,,,,,,,,,,,,,16
16,5,10,,אש,,,,,,,,,,,,,,16
16,6,1,,בעדת,,,,,,,,,,,,,,17
16,6,2,,רשע̇י̇ם̇,,,,,,,,,,,,,,17
16,6,3,יוקדת,ר̇שפ̇ה̇,Lexical,,,,,,,,,,,,,17
16,6,4,אש,לה֟בה,Lexical,Synonym,,,,,,,,,,,,17
16,6,5,,ובגוי,,,,,,,,,,,,,,17
16,6,6,,ח̇נף,,,,,,,,,,,,,,17
16,6,7,,נ̇צ̇ת̇ה̇,,,,,,,,,,,,,,17
16,6,8,,ח̊̊מ̊̊ה̊̊׃,,,,,,,,,,,,,,17
16,7,1,,אשר,,,,,,,,,,,,,,18
16,7,2,,לא,,,,,,,,,,,,,,18
16,7,3,,נשא,,,,,,,,,,,,,,18
16,7,4,,לנסיכי̇,,,,,,,,,,,,,,18
16,7,5,,קד̇ם,,,,,,,,,,,,,,18
16,7,6,,המורדים,,,,,,,,,,,,,,18
16,7,7,,֟ב̇ג̇ב̇ו̇רתם׃,,,,,,,,,,,,,,18
30,11,1,,אל,,,,,,,,,,,,,,1
30,11,2,,תמשילהו,,,,,,,,,,,,,,1
30,11,3,,בנעוריו,,,,,,,,,,,,,,1
30,11,4,,ואל,,,,,,,,,,,,,,1
30,11,5,,תשא,,,,,,,,,,,,,,1
30,11,6,מש׳,לש֟חיתותיו׃,Morphological,Preposition,,,,,,,,,,,,1
30,12ab,1,,כפתן,,,,,,,,,,,,,,2
30,12ab,2,,על,,,,,,,,,,,,,,2
30,12ab,3,,חי,,,,,,,,,,,,,,2
30,12ab,4,,תפגע,,,,,,,,,,,,,,2
30,12ab,5,,רציץ,,,,,,,,,,,,,,2
30,12ab,6,,מתניו,,,,,,,,,,,,,,2
30,12ab,7,,שעודנו,,,,,,,,,,,,,,2
30,12ab,8,,נער׃,,,,,,,,,,,,,,2
30,12cd,1,,כיף,,,,,,,,,,,,,,3
30,12cd,2,,ראשו,,,,,,,,,,,,,,3
30,12cd,3,,בנערותו,,,,,,,,,,,,,,3
30,12cd,4,,ובקע,,,,,,,,,,,,,,3
30,12cd,5,,מתניו,,,,,,,,,,,,,,3
30,12cd,6,,כשהוא,,,,,,,,,,,,,,3
30,12cd,7,,קטן׃,,,,,,,,,,,,,,3
30,12ef,1,,למה,,,,,,,,,,,,,,4
30,12ef,2,יקשיח,ישק֟֟ה,Lexical,Metathesis,,,,,,,,,,,,4
30,12ef,2,ישקיח,ישק֟֟ה,Morphological,Grammatical,,,,,,,,,,,,4
30,12ef,3,,ומרה,,,,,,,,,,,,,,4
30,12ef,4,,בך,,,,,,,,,,,,,,4
30,12ef,5,ילוד,ונו֟לד,Morphological,Grammatical,,,,,,,,,,,,4
,,,ילד,,Plus_Minus,,,,,,,,,,,,,
30,12ef,6,ממך,ממ֟נו,Morphological,Suffix Pron.,,,,,,,,,,,,4
30,12ef,7,,מפח,,,,,,,,,,,,,,4
30,12ef,8,,נפש׃,,,,,,,,,,,,,,4
30,13,1,,יסר,,,,,,,,,,,,,,5
30,13,2,,בנך,,,,,,,,,,,,,,5
30,13,3,,והכבד,,,,,,,,,,,,,,5
30,13,4,,עולו,,,,,,,,,,,,,,5
30,13,5,,פן,,,,,,,,,,,,,,5
30,13,6,,באולתו,,,,,,,,,,,,,,5
30,13,7,יתעל,ית֟לעבך׃,Lexical,Metathesis,,,,,,,,,,,,5
30,14,1,,טוב,,,,,,,,,,,,,,6
30,14,2,,מסכן,,,,,,,,,,,,,,6
30,14,3,,וחי,,,,,,,,,,,,,,6
30,14,4,,בעצמו,,,,,,,,,,,,,,6
30,14,5,,מעשיר,,,,,,,,,,,,,,6
30,14,6,,ונגע,,,,,,,,,,,,,,6
30,14,7,,בבשרו׃,,,,,,,,,,,,,,6
30,15,1,,חיי,,,,,,,,,,,,,,7
30,15,2,בשר,ש֟ר֟,Lexical,Synonym,,,,,,,,,,,,7
30,15,2,שאר,ש֟ר֟,Lexical,Synonym,,,,,,,,,,,,7
30,15,4,,אויתי,,,,,,,,,,,,,,7
30,15,5,,מפז,,,,,,,,,,,,,,7
30,15,6,,ורוח,,,,,,,,,,,,,,7
30,15,7,,טובה,,,,,,,,,,,,,,7
30,15,8,,מפנינים׃,,,,,,,,,,,,,,7
30,16,1,,אין,,,,,,,,,,,,,,8
30,16,2,,עושר,,,,,,,,,,,,,,8
30,16,3,,על,,,,,,,,,,,,,,8
30,16,4,,עושר,,,,,,,,,,,,,,8
30,16,5,שאר,ש֟ר,Lexical,Synonym,,,,,,,,,,,,8
30,16,6,,עצם,,,,,,,,,,,,,,8
30,16,7,,ואין,,,,,,,,,,,,,,8
30,16,8,,טובה,,,,,,,,,,,,,,8
30,16,9,,על,,,,,,,,,,,,,,8
30,16,10,,טוב,,,,,,,,,,,,,,8
30,16,11,שאר,לב֟ב׃,Lexical,,,,,,,,,,,,,8
30,17,1,,טוב,,,,,,,,,,,,,,9
30,17,2,,למות,,,,,,,,,,,,,,9
30,17,3,,מחיי,,,,,,,,,,,,,,9
30,17,4,,שוא,,,,,,,,,,,,,,9
30,17,5,,ונוחת,,,,,,,,,,,,,,9
30,17,6,,עולם,,,,,,,,,,,,,,9
30,17,7,מחיים,מכאב,Lexical,,,,,,,,,,,,,9
30,17,8,רעים׃,נ֟אמן׃,Lexical,,,,,,,,,,,,,9
30,17,10,,טוב,,,,,,,,,,,,,,10
30,17,11,,למות,,,,,,,,,,,,,,10
30,17,12,,מחיים,,,,,,,,,,,,,,10
30,17,13,,רעים,,,,,,,,,,,,,,10
30,17,14,ולֵרֵד,וליר֟ד,Morphological,Grammatical,,,,,,,,,,,,10
30,17,15,לשאול,֟שאול,Morphological,Preposition,,,,,,,,,,,,10
30,17,14,ולוד,וליר֟ד,Lexical,,,,,,,,,,,,,10
30,17,15,ושא׳,֟שאול,Morphological,Coordination,,,,,,,,,,,,10
30,17,16,,מכאב,,,,,,,,,,,,,,10
30,17,17,,עומד׃,,,,,,,,,,,,,,10
30,18,1,,טובה,,,,,,,,,,,,,,11
30,18,2,,שפוכה,,,,,,,,,,,,,,11
30,18,3,,על,,,,,,,,,,,,,,11
30,18,4,פום,פ֟ה,Lexical,Synonym,,,,,,,,,,,,11
30,18,5,,סתום,,,,,,,,,,,,,,11
30,18,6,,תנופה,,,,,,,,,,,,,,11
30,18,7,מצגת,מצגת,Same,,,,,,,,,,,,,11
30,18,8,,֟לפני,Plus_Minus,,,,,,,,,,,,,11
30,18,9,גלול׃,֟גלול׃,Same,,,,,,,,,,,,,11
30,19,1,מה,,,,,,,,,,,,,,,11
30,19,2,יע̊[י]לו̊,,Plus_Minus,,,,,,,,,,,,,11
30,19,5,פ̊סילי,,Plus_Minus,,,,,,,,,,,,,11
30,19,6,הגוים,,Plus_Minus,,,,,,,,,,,,,11
30,19,7,אשר,,Plus_Minus,,,,,,,,,,,,,11
30,19,8,לא,,Plus_Minus,,,,,,,,,,,,,11
30,19,9,יאכלון,,Plus_Minus,,,,,,,,,,,,,11
30,19,10,ולא,,Plus_Minus,,,,,,,,,,,,,11
30,19,11,י̊ר̊,,Plus_Minus,,,,,,,,,,,,,11
30,19,12,יחון,,Plus_Minus,,,,,,,,,,,,,11
30,19,13,כן,,Plus_Minus,,,,,,,,,,,,,11
30,19,14,מי,,Plus_Minus,,,,,,,,,,,,,11
30,19,15,[שי]ש̊,,Plus_Minus,,,,,,,,,,,,,11
30,19,17,לו,,Plus_Minus,,,,,,,,,,,,,11
30,19,18,עושר,,Plus_Minus,,,,,,,,,,,,,11
30,19,19,ואין,,Plus_Minus,,,,,,,,,,,,,11
30,19,20,נהנה,,Plus_Minus,,,,,,,,,,,,,11
30,19,21,ממנ̊ו̊׃,,Plus_Minus,,,,,,,,,,,,,11
30,20,1,,כאשר,,,,,,,,,,,,,,12
30,20,2,,סירים,,,,,,,,,,,,,,12
30,20,3,,יחבק,,,,,,,,,,,,,,12
30,20,4,,נערה,,,,,,,,,,,,,,12
30,20,5,,ומתאנח,,,,,,,,,,,,,,12
30,20,6,,כן,,,,,,,,,,,,,,12
30,20,7,,עושה,,,,,,,,,,,,,,12
30,20,8,בגזל,באונ֟ס,Lexical,,,,,,,,,,,,,12
30,20,9,,משפט׃,,,,,,,,,,,,,,12
30,20,11,,כן,,,,,,,,,,,,,,13
30,20,12,,נאמן,,,,,,,,,,,,,,13
30,20,13,,לָן,,,,,,,,,,,,,,13
30,20,14,,עם,,,,,,,,,,,,,,13
30,20,15,,בתולה,,,,,,,,,,,,,,13
30,20,16,,וייי,,,,,,,,,,,,,,13
30,20,17,,מבקש,,,,,,,,,,,,,,13
30,20,18,ביד{ן}ו׃,מי֟דו׃,,,,,,,,,,,,,,13
30,21,1,,אל,,,,,,,,,,,,,,14
30,21,2,,תתן,,,,,,,,,,,,,,14
30,21,3,,לדין,,,,,,,,,,,,,,14
30,21,4,,נפשך,,,,,,,,,,,,,,14
30,21,5,,ואל,,,,,,,,,,,,,,14
30,21,6,,תכשל,,,,,,,,,,,,,,14
30,21,7,בעצתך׃,ב֟עו֟נך׃,,,,,,,,,,,,,,14
30,21,6,תכשילך,תכשל,,,,,,,,,,,,,,14
30,21,7,עצתך׃,ב֟עו֟נך׃,,,,,,,,,,,,,,14
30,22,1,,שמחת,,,,,,,,,,,,,,15
30,22,2,,לבב,,,,,,,,,,,,,,15
30,22,3,,הם,,,,,,,,,,,,,,15
30,22,4,,חיי,,,,,,,,,,,,,,15
30,22,5,,איש,,,,,,,,,,,,,,15
30,22,6,,וגיל,,,,,,,,,,,,,,15
30,22,7,,אדם,,,,,,,,,,,,,,15
30,22,8,,האריך,,,,,,,,,,,,,,15
30,22,9,,אפו׃,,,,,,,,,,,,,,15
30,23,1,,פת,,,,,,,,,,,,,,16
30,23,2,,נפשך,,,,,,,,,,,,,,16
30,23,3,,ופייג,,,,,,,,,,,,,,16
30,23,4,,לבך,,,,,,,,,,,,,,16
30,23,5,,וקצפון,,,,,,,,,,,,,,16
30,23,6,,הרחק,,,,,,,,,,,,,,16
30,23,7,,ממך׃,,,,,,,,,,,,,,16
30,23,8,,כי̇,,,,,,,,,,,,,,17
30,23,9,,ר̇ב̇י̇ם,,,,,,,,,,,,,,17
30,23,10,,הר̇ג,,,,,,,,,,,,,,17
30,23,11,,דין,,,,,,,,,,,,,,17
30,23,12,,ואין,,,,,,,,,,,,,,17
30,23,13,,תעלה,,,,,,,,,,,,,,17
30,23,14,,בקצפון׃,,,,,,,,,,,,,,17
30,24,1,,קנאה,,,,,,,,,,,,,,18
30,24,2,,וא֟ף̊̊,,,,,,,,,,,,,,18
30,24,3,,,,,,,,,,,,,,,,18
30,24,4,,ימים,,,,,,,,,,,,,,18
30,24,5,,ובלא,,,,,,,,,,,,,,18
30,24,6,,עת,,,,,,,,,,,,,,18
30,24,7,,תזקין,,,,,,,,,,,,,,18
30,24,8,,דאגה׃,,,,,,,,,,,,,,18
30,25,1,,שנות,,,,,,,,,,,,,,1
30,25,2,,לב,,,,,,,,,,,,,,1
30,25,3,,טוב,,,,,,,,,,,,,,1
30,25,4,,תחת,,,,,,,,,,,,,,1
30,25,5,,מטעמים,,,,,,,,,,,,,,1
30,25,6,,ומאכלו,,,,,,,,,,,,,,1
30,25,7,,יעלה,,,,,,,,,,,,,,1
30,25,8,,עליו׃,,,,,,,,,,,,,,1
31,1,1,שקד,ש֟קר,Lexical,Letter interchange,,,,,,,,,,,,2
31,1,2,,עשיר,,,,,,,,,,,,,,2
31,1,3,,ימחה,,,,,,,,,,,,,,2
31,1,4,,שארו,,,,,,,,,,,,,,2
31,1,5,דאגתו,דא֟גת,Morphological,Suffix Pron.,,,,,,,,,,,,2
31,1,6,,מחיה,Plus_Minus,,,,,,,,,,,,,2
31,1,7,תפריג,תפ֟ריע,Lexical,Synonym,,,,,,,,,,,,2
31,1,8,נומ,נומה,Same,,,,,,,,,,,,,2
31,1,14,,תפריג,,,,,,,,,,,,,,2
31,2,1,,דאגת,,,,,,,,,,,,,,3
31,2,2,,מחיה,,,,,,,,,,,,,,3
31,2,3,,תפריג,,,,,,,,,,,,,,3
31,2,4,,נומה,,,,,,,,,,,,,,3
31,2,5,ומחלה,ומח֟לי,,,,,,,,,,,,,,3
31,2,6,חזֿ,חזק,Same,,,,,,,,,,,,,3
31,2,7,תפריג,תפר֟יע,Lexical,Synonym,,,,,,,,,,,,3
31,2,8,,נומה,,,,,,,,,,,,,,3
31,2,10,,רע,,,,,,,,,,,,,,4
31,2,11,,נאמן,,,,,,,,,,,,,,4
31,2,12,תנוד,תניד,Morphological,Grammatical,,,,,,,,,,,,4
31,2,13,,חרפה,,,,,,,,,,,,,,4
31,2,14,,ומסתיר,,,,,,,,,,,,,,4
31,2,15,,סוד,,,,,,,,,,,,,,4
31,2,16,,אוהב,,,,,,,,,,,,,,4
31,2,17,,כנפש׃,,,,,,,,,,,,,,4
31,3,1,עמל,עמ֟לי,Morphological,Grammatical,,,,,,,,,,,,5
31,3,2,,עשיר,,,,,,,,,,,,,,5
31,3,3,,לקבל,,,,,,,,,,,,,,5
31,3,4,,הון,,,,,,,,,,,,,,5
31,3,5,,ואם,,,,,,,,,,,,,,5
31,3,6,,ינוח,,,,,,,,,,,,,,5
31,3,7,,לקבל,,,,,,,,,,,,,,5
31,3,8,עמל,תענ֟וג׃,,,,,,,,,,,,,,5
31,4,1,,יגע,,,,,,,,,,,,,,6
31,4,2,,עני,,,,,,,,,,,,,,6
31,4,3,,לחסר,,,,,,,,,,,,,,6
31,4,4,,ביתו,,,,,,,,,,,,,,6
31,4,5,,ואם,,,,,,,,,,,,,,6
31,4,6,,ינוח,,,,,,,,,,,,,,6
31,4,7,,יהיה,,,,,,,,,,,,,,6
31,4,8,,צריך׃,,,,,,,,,,,,,,6
31,4,9,,עמל,,,,,,,,,,,,,,7
31,4,10,,עני,,,,,,,,,,,,,,7
31,4,11,,לחסר,,,,,,,,,,,,,,7
31,4,12,,כחו,,,,,,,,,,,,,,7
31,4,13,,ואם,,,,,,,,,,,,,,7
31,4,14,,ינוח,,,,,,,,,,,,,,7
31,4,15,,לא,,,,,,,,,,,,,,7
31,4,16,,נחה,,,,,,,,,,,,,,7
31,4,17,,לו׃,,,,,,,,,,,,,,7
31,5,1,,רודף,,,,,,,,,,,,,,8
31,5,2,חריץ,חרו֟ץ,Lexical,,,,,,,,,,,,,8
31,5,3,,לא,,,,,,,,,,,,,,8
31,5,4,,ינקה,,,,,,,,,,,,,,8
31,5,5,,ואוהב,,,,,,,,,,,,,,8
31,5,6,במח׳,מ֟חיר,Morphological,Preposition,,,,,,,,,,,,8
31,5,7,,בו,,,,,,,,,,,,,,8
31,5,8,,ישגה׃,,,,,,,,,,,,,,8
31,6,1,,רבים,,,,,,,,,,,,,,9
31,6,2,,היו,,,,,,,,,,,,,,9
31,6,3,חללי,חב֟ולי,Lexical,,,,,,,,,,,,,9
31,6,4,,זהב,,,,,,,,,,,,,,9
31,6,5,,והבוטח,,,,,,,,,,,,,,9
31,6,6,,על,,,,,,,,,,,,,,9
31,6,7,,פנינים׃,,,,,,,,,,,,,,9
31,6,8,ולא,ולא,,,,,,,,,,,,,,10
31,6,9,מצאו,מצאו,,,,,,,,,,,,,,10
31,6,10,להנצל,להנצל,,,,,,,,,,,,,,10
31,6,11,ביום,מרעה,Lexical,,,,,,,,,,,,,10
31,6,12,עברה,וגם,Lexical,,,,,,,,,,,,,10
31,6,13,ולהושיע,להושע,Morphological,Orthographical,,,,,,,,,,,,10
31,6,14,ביום,ביום,Same,,,,,,,,,,,,,10
31,6,15,רעﬣ׃,עברה׃,Lexical,,,,,,,,,,,,,10
31,7,1,,כי,,,,,,,,,,,,,,11
31,7,2,,תקלה,,,,,,,,,,,,,,11
31,7,3,,הוא,,,,,,,,,,,,,,11
31,7,4,,לאויל,,,,,,,,,,,,,,11
31,7,5,,וכל,,,,,,,,,,,,,,11
31,7,6,פתח,פות֟ה,Morphological,Grammatical,,,,,,,,,,,,11
31,7,7,,יוקש,,,,,,,,,,,,,,11
31,7,8,,בו׃,,,,,,,,,,,,,,11
31,8,1,,אשרי,,,,,,,,,,,,,,12
31,8,2,,איש,,,,,,,,,,,,,,12
31,8,3,מצא,נ֟מצא,Morphological,Grammatical,,,,,,,,,,,,12
31,8,4,,תמים,,,,,,,,,,,,,,12
31,8,5,,ואחר,,,,,,,,,,,,,,12
31,8,6,,ממון,,,,,,,,,,,,,,12
31,8,7,,לא,,,,,,,,,,,,,,12
31,8,8,,נלוז׃,,,,,,,,,,,,,,12
31,9,1,מי,מי,Same,,,,,,,,,,,,,13
31,9,2,הוא,הוא,Same,,,,,,,,,,,,,13
31,9,3,,זה,Plus_Minus,,,,,,,,,,,,,13
31,9,4,תאשרנו,ונאשרנו,Morphological,Grammatical,Coordination,,,,,,,,,,,13
31,9,5,כי,כי,Same,,,,,,,,,,,,,13
31,9,6,הפליא,הפליא,Same,,,,,,,,,,,,,13
31,9,7,לעשות׃,לעשות,Same,,,,,,,,,,,,,13
31,9,8,,בעמו̊̊,Plus_Minus,,,,,,,,,,,,,13
31,10ab,1,,מי,,,,,,,,,,,,,,14
31,10ab,2,,הוא,,,,,,,,,,,,,,14
31,10ab,3,,זה,,,,,,,,,,,,,,14
31,10ab,4,הנדבק,ש֟נדבק,Morphological,Determination,,,,,,,,,,,,14
31,10ab,5,,בו,,,,,,,,,,,,,,14
31,10ab,6,,והיה,,,,,,,,,,,,,,14
31,10ab,7,,לו,,,,,,,,,,,,,,14
31,10ab,8,,שלום,,,,,,,,,,,,,,14
31,10ab,9,,והיה,,,,,,,,,,,,,,14
31,10ab,10,,לו,,,,,,,,,,,,,,14
31,10ab,11,לתפארה,ת֟פא֟רה,Morphological,Grammatical,,,,,,,,,,,,14
31,10ab,11,v,ת֟פא֟רה,Morphological,Orthographical,,,,,,,,,,,,14
31,10cd,1,,כי,,,,,,,,,,,,,,15
31,10cd,2,,ברבות,,,,,,,,,,,,,,15
31,10cd,3,,שלום,,,,,,,,,,,,,,15
31,10cd,4,,חייו,,,,,,,,,,,,,,15
31,10cd,5,,אהיה,,,,,,,,,,,,,,15
31,10cd,6,,לך,,,,,,,,,,,,,,15
31,10cd,7,,לתפארת׃,,,,,,,,,,,,,,15
31,10ef,1,,מי,,,,,,,,,,,,,,16
31,10ef,2,,ברכו,,,,,,,,,,,,,,16
31,10ef,3,,וישלם,,,,,,,,,,,,,,16
31,10ef,4,,חייו,,,,,,,,,,,,,,16
31,10ef,5,אהיה,היא,Lexical,,,,,,,,,,,,,16
31,10ef,6,לך,֟לך֟,Same,,,,,,,,,,,,,16
31,10ef,7,להתפאר׃,לתפארת̇׃,Morphological,,,,,,,,,,,,,16
31,10gh,1,,מי,,,,,,,,,,,,,,17
31,10gh,2,,יוכל,,,,,,,,,,,,,,17
31,10gh,3,,לסור,,,,,,,,,,,,,,17
31,10gh,4,,ולא,,,,,,,,,,,,,,17
31,10gh,5,,סר,,,,,,,,,,,,,,17
31,10gh,6,,ולהרע,,,,,,,,,,,,,,17
31,10gh,7,,רעה,,,,,,,,,,,,,,17
31,10gh,8,,ולא,,,,,,,,,,,,,,17
31,10gh,9,,אב̊̊ה̊̊׃,,,,,,,,,,,,,,17
31,11,1,,על,,,,,,,,,,,,,,18
31,11,2,,כן,,,,,,,,,,,,,,18
31,11,3,,חזק,,,,,,,,,,,,,,18
31,11,4,,טובו,,,,,,,,,,,,,,18
31,11,5,,ותהלתו,,,,,,,,,,,,,,18
31,11,6,,יספ̇ר̇,,,,,,,,,,,,,,18
31,11,7,,ק̇ה̊̊ל̇׃,,,,,,,,,,,,,,18
31,12,1,,מוסר,,,,,,,,,,,,,,1
31,12,2,,לחם,,,,,,,,,,,,,,1
31,12,3,,ויין,,,,,,,,,,,,,,1
31,12,4,,יחדו,,,,,,,,,,,,,,1
31,12,5,,בני,,,,,,,,,,,,,,2
31,12,6,,אם,,,,,,,,,,,,,,2
31,12,7,,על,,,,,,,,,,,,,,2
31,12,8,,שלחן,,,,,,,,,,,,,,2
,,,איש,,Plus_Minus,,,,,,,,,,,,,
31,12,9,,֟גדול,,,,,,,,,,,,,,2
31,12,10,,ישבתה,,,,,,,,,,,,,,2
31,12,11,,אל,,,,,,,,,,,,,,2
31,12,12,,תפתח,,,,,,,,,,,,,,2
31,12,13,,עליו,,,,,,,,,,,,,,2
31,12,14,גרון,גר֟נך׃,Morphological,Suffix Pron.,,,,,,,,,,,,2
31,12/13a,1,,אל,,,,,,,,,,,,,,3
31,12/13a,2,,תא̇מר,,,,,,,,,,,,,,3
31,12/13a,3,,ספוק,,,,,,,,,,,,,,3
31,12/13a,4,,עליו,,,,,,,,,,,,,,3
31,12/13a,5,דע,זכו֟ר,Lexical,,,,,,,,,,,,,3
31,12/13a,6,,כי,,,,,,,,,,,,,,3
31,12/13a,7,,רעה,,,,,,,,,,,,,,3
31,12/13a,8,,עין,,,,,,,,,,,,,,3
31,12/13a,9,,רעה׃,,,,,,,,,,,,,,3
31,13bc,1,,רע,,,,,,,,,,,,,,4
31,13bc,2,,עין,,,,,,,,,,,,,,4
31,13bc,3,,שונא,,,,,,,,,,,,,,4
31,13bc,4,,אל,,,,,,,,,,,,,,4
31,13bc,5,,ורע,,,,,,,,,,,,,,4
31,13bc,6,,ממנו,,,,,,,,,,,,,,4
31,13bc,7,,לא,,,,,,,,,,,,,,4
31,13bc,8,,ברא׃,,,,,,,,,,,,,,4
31,13de,1,,כי,,,,,,,,,,,,,,5
31,13de,2,,זה,,,,,,,,,,,,,,5
31,13de,3,,מפני,,,,,,,,,,,,,,5
31,13de,4,,כל,,,,,,,,,,,,,,5
31,13de,5,,דבר,,,,,,,,,,,,,,5
31,13de,6,תזיע,תזו֟ע,Morphological,Grammatical,,,,,,,,,,,,5
31,13de,7,,עין,,,,,,,,,,,,,,5
31,13de,8,,ומפנים,,,,,,,,,,,,,,5
31,13de,9,,דמעה,,,,,,,,,,,,,,5
31,13de,10,תסיע,תד֟מע׃,Lexical,,,,,,,,,,,,,5
31,13fg,1,רע,רע,Same,,,,,,,,,,,,,6
31,13fg,2,מ׳,֟מעין,Same,,,,,,,,,,,,,6
31,13fg,3,חלק,לא,Lexical,,,,,,,,,,,,,6
31,13fg,4,אל,חלק,Lexical,,,,,,,,,,,,,6
31,13fg,5,,אל,,,,,,,,,,,,,,6
31,13fg,6,על,על,Same,,,,,,,,,,,,,6
31,13fg,7,כל,כ֟ן,Lexical,,,,,,,,,,,,,6
31,13fg,8,מלפני,מ֟פני,Morphological,Preposition,,,,,,,,,,,,6
31,13fg,9,,כל,,,,,,,,,,,,,,6
31,13fg,10,,נס,,,,,,,,,,,,,,6
31,13fg,11,,לחה׃,,,,,,,,,,,,,,6
31,14,1,,מקום,,,,,,,,,,,,,,7
31,14,2,,יביט,,,,,,,,,,,,,,7
31,14,3,,א̶ל̶,,,,,,,,,,,,,,7
31,14,4,,אל,,,,,,,,,,,,,,7
31,14,5,תשית,תו֟שיט,Lexical,,,,,,,,,,,,,7
31,14,6,,יד,,,,,,,,,,,,,,7
31,14,7,,ואל,,,,,,,,,,,,,,7
31,14,8,תיחד,די֟חד,Lexical,,Mispelling,,,,,,,,,,,7
31,14,9,,עמו,,,,,,,,,,,,,,7
31,14,10,,בטנא׃,,,,,,,,,,,,,,7
31,15,1,רעה̊̊,ד֟עה,,,,,,,,,,,,,,8
31,15,2,,רעך,,,,,,,,,,,,,,8
31,15,3,,כנפשך,,,,,,,,,,,,,,8
31,15,4,וכל,וב֟כל,Morphological,,Preposition,,,,,,,,,,,8
31,15,5,אשר,ש,Lexical,,Synonym,,,,,,,,,,,8
31,15,5,,שנאת,,,,,,,,,,,,,,8
31,15,6,,התבונן׃,,,,,,,,,,,,,,8
31,16ab,1,,הסב,,,,,,,,,,,,,,9
31,16ab,2,,כאיש,,,,,,,,,,,,,,9
31,16ab,3,,אשר,,,,,,,,,,,,,,9
31,16ab,4,,נבחר,,,,,,,,,,,,,,9
31,16ab,5,,ואל,,,,,,,,,,,,,,9
31,16ab,6,,תעט,,,,,,,,,,,,,,9
31,16ab,7,,פן,,,,,,,,,,,,,,9
31,16ab,8,,תגעל׃,,,,,,,,,,,,,,9
31,16c,1,אכל,,Plus_Minus,,,,,,,,,,,,,9
31,16c,2,כאיש,,Plus_Minus,,,,,,,,,,,,,9
31,16c,3,נכח,,Plus_Minus,,,,,,,,,,,,,9
31,16d,1,ואל,,Plus_Minus,,,,,,,,,,,,,9
31,16d,2,תעט,,Plus_Minus,,,,,,,,,,,,,9
31,16d,3,פן,,Plus_Minus,,,,,,,,,,,,,9
31,16d,4,תגלה,,Plus_Minus,,,,,,,,,,,,,9
31,16d,5,תגלע,,Plus_Minus,,,,,,,,,,,,,9
31,16ef,1,,דע,,,,,,,,,,,,,,10
31,16ef,2,,שרעך,,,,,,,,,,,,,,10
31,16ef,3,,כמוך,,,,,,,,,,,,,,10
31,16ef,4,,ואכול,,,,,,,,,,,,,,10
31,16ef,5,,כאיש,,,,,,,,,,,,,,10
31,16ef,6,,דבר,,,,,,,,,,,,,,10
31,16ef,7,,ששם,,,,,,,,,,,,,,10
31,16ef,8,,לפניך,,,,,,,,,,,,,,10
31,16ef,9,,ולא,,,,,,,,,,,,,,10
31,16ef,10,,תהיה,,,,,,,,,,,,,,10
31,16ef,11,,גרגרן,,,,,,,,,,,,,,10
31,16ef,12,,פן,,,,,,,,,,,,,,10
31,16ef,13,,תמאס׃,,,,,,,,,,,,,,10
31,17,1,,ח̇ד̇ל,,,,,,,,,,,,,,11
31,17,2,,ר̊̊א̇ש̇ון,,,,,,,,,,,,,,11
31,17,3,,בעב̊̊ו̊̊ר,,,,,,,,,,,,,,11
31,17,4,,מ̇ו̊̊ס̇ר,,,,,,,,,,,,,,11
31,17,5,,ואל,,,,,,,,,,,,,,11
31,17,6,,ת̇לע̊̊,,,,,,,,,,,,,,11
31,17,7,,פ̊̊ן,,,,,,,,,,,,,,11
31,17,8,,ת̊̊מאס׃,,,,,,,,,,,,,,11
31,18,1,,וגם,,,,,,,,,,,,,,12
31,18,2,,א̇ם̇,,,,,,,,,,,,,,12
31,18,3,,בין,,,,,,,,,,,,,,12
31,18,4,,רבים,,,,,,,,,,,,,,12
31,18,5,,ישבת,,,,,,,,,,,,,,12
31,18,6,,לפני,,,,,,,,,,,,,,12
31,18,7,,רע,,,,,,,,,,,,,,12
31,18,8,,אל,,,,,,,,,,,,,,12
31,18,9,,תושט,,,,,,,,,,,,,,12
31,18,10,,יד׃,,,,,,,,,,,,,,12
31,19,1,,הלא,,,,,,,,,,,,,,13
31,19,2,,די,,,,,,,,,,,,,,13
31,19,3,,אנוש,,,,,,,,,,,,,,13
31,19,4,נכון,נ֟בון,Lexical,Letter interchange,,,,,,,,,,,,13
31,19,6,מועד,מזער,Lexical,Letter interchange,,,,,,,,,,,,13
31,19,7,,ועל,,,,,,,,,,,,,,13
31,19,8,יצוריו,יצ֟ועיו,Lexical,,,,,,,,,,,,,13
31,19,9,,לא,,,,,,,,,,,,,,13
31,19,10,,ישיק׃,,,,,,,,,,,,,,13
31,20ab,1,,מכאוב,,,,,,,,,,,,,,14
31,20ab,2,,ונדד,,,,,,,,,,,,,,14
31,20ab,3,ישנה,ישי֟נה,Morphological,Orthographical,,,,,,,,,,,,14
31,20ab,4,,וצער,,,,,,,,,,,,,,14
31,20ab,5,,ותשניק,,,,,,,,,,,,,,14
31,20ab,6,ופנים,ופ֟ני,Morphological,Grammatical,,,,,,,,,,,,14
31,20ab,7,,הפוכות,,,,,,,,,,,,,,14
31,20ab,8,,עם,,,,,,,,,,,,,,14
31,20ab,9,,איש,,,,,,,,,,,,,,14
31,20ab,10,,כסיל׃,,,,,,,,,,,,,,14
31,20cd,1,,שנות,,,,,,,,,,,,,,15
31,20cd,2,,חיים,,,,,,,,,,,,,,15
31,20cd,3,,על,,,,,,,,,,,,,,15
31,20cd,4,,קרב,,,,,,,,,,,,,,15
31,20cd,5,,צ̇ו̇לל,,,,,,,,,,,,,,15
31,20cd,6,,וקם,,,,,,,,,,,,,,15
31,20cd,7,,בב̇קר,,,,,,,,,,,,,,15
31,20cd,8,,ונפ̇שו,,,,,,,,,,,,,,15
31,20cd,9,,א̇ת̊̊ו̇׃,,,,,,,,,,,,,,15
31,20ef,1,,שנ̊̊̊̊ת̊̊,,,,,,,,,,,,,,16
31,20ef,2,,ח̊̊י̊̊י̊̊ם̊̊,,,,,,,,,,,,,,16
31,20ef,3,,ע̊̊ם̊̊,,,,,,,,,,,,,,16
31,20ef,4,,א̊̊נ̊̊ו̊̊ש,,,,,,,,,,,,,,16
31,20ef,5,,נב,,,,,,,,,,,,,,16
31,20ef,6,,ון̇,,,,,,,,,,,,,,16
31,20ef,7,,ק̊̊ם̊̊,,,,,,,,,,,,,,16
31,20ef,8,,ב̊̊ב̊̊ו̊̊ק̊̊ר̊̊,,,,,,,,,,,,,,16
31,20ef,9,,י̊̊לין,,,,,,,,,,,,,,16
31,20ef,10,,עד,,,,,,,,,,,,,,16
31,20ef,11,,בקר,,,,,,,,,,,,,,16
31,20ef,12,,ונפשו,,,,,,,,,,,,,,16
31,20ef,13,,עמו׃,,,,,,,,,,,,,,16
31,21,1,,ו̊̊א̊̊,,,,,,,,,,,,,,17
31,21,2,,במ̊̊,,,,,,,,,,,,,,17
31,21,3,,◦י̊̊נו,,,,,,,,,,,,,,17
31,21,4,,ותמצא,,,,,,,,,,,,,,17
31,21,5,,נחת׃,,,,,,,,,,,,,,17
31,22ab,1,,בכל,,,,,,,,,,,,,,1
31,22ab,2,,מעשיך,,,,,,,,,,,,,,1
31,22ab,3,,היה,,,,,,,,,,,,,,1
31,22ab,4,,צנוע,,,,,,,,,,,,,,1
31,22ab,5,,וכל,,,,,,,,,,,,,,1
31,22ab,6,,אסון,,,,,,,,,,,,,,1
31,22ab,7,,לא,,,,,,,,,,,,,,1
31,22ab,8,,יגע,,,,,,,,,,,,,,1
31,22ab,9,,בך׃,,,,,,,,,,,,,,1
31,22cd,1,,הלא,,,,,,,,,,,,,,2
31,22cd,2,,די,,,,,,,,,,,,,,2
31,22cd,3,,אנוש,,,,,,,,,,,,,,2
31,22cd,4,,נבון,,,,,,,,,,,,,,2
31,22cd,5,,מזער,,,,,,,,,,,,,,2
31,22cd,6,,וגם,,,,,,,,,,,,,,2
31,22cd,7,,אם,,,,,,,,,,,,,,2
31,22cd,8,,נאנסתה,,,,,,,,,,,,,,2
31,22cd,9,,במטעמים,,,,,,,,,,,,,,2
31,22cd,10,,קוה,,,,,,,,,,,,,,2
31,22cd,11,,קוה,,,,,,,,,,,,,,2
31,22cd,12,,וינוח,,,,,,,,,,,,,,2
31,22cd,13,,לך׃,,,,,,,,,,,,,,2
31,22ef,1,,שמע,,,,,,,,,,,,,,3
31,22ef,2,,בני,,,,,,,,,,,,,,3
31,22ef,3,,ואל,,,,,,,,,,,,,,3
31,22ef,4,,תבוז,,,,,,,,,,,,,,3
31,22ef,5,,לי,,,,,,,,,,,,,,3
31,22ef,6,,ובאחרית,,,,,,,,,,,,,,3
31,22ef,7,,תשיג,,,,,,,,,,,,,,3
31,22ef,8,,אמ̇ר̇י̇׃,,,,,,,,,,,,,,3
31,22ef,9,,תלעג,,,,,,,,,,,,,,3
31,22gh,1,,שמע,,,,,,,,,,,,,,4
31,22gh,2,,בני,,,,,,,,,,,,,,4
31,22gh,3,,וקח,,,,,,,,,,,,,,4
31,22gh,4,,מוסרי,,,,,,,,,,,,,,4
31,22gh,5,,ואל,,,,,,,,,,,,,,4
31,22gh,6,,תל֟עיג,,,,,,,,,,,,,,4
31,22gh,7,,עלי,,,,,,,,,,,,,,4
31,22gh,8,,ובאחרית,,,,,,,,,,,,,,4
31,22gh,9,,תמצא,,,,,,,,,,,,,,4
31,22gh,10,,דברי׃,,,,,,,,,,,,,,4
31,23,1,,טוב,,,,,,,,,,,,,,5
31,23,2,,על,,,,,,,,,,,,,,5
31,23,3,,לחם,,,,,,,,,,,,,,5
31,23,4,,תברך,,,,,,,,,,,,,,5
31,23,5,,שפה,,,,,,,,,,,,,,5
31,23,6,,עדות,,,,,,,,,,,,,,5
31,23,7,,טובו,,,,,,,,,,,,,,5
31,23,8,,נאמנה׃,,,,,,,,,,,,,,5
31,24,1,,רע,,,,,,,,,,,,,,6
31,24,2,,על,,,,,,,,,,,,,,6
31,24,3,,לחם,,,,,,,,,,,,,,6
31,24,4,,ירגז,,,,,,,,,,,,,,6
31,24,5,,בשער,,,,,,,,,,,,,,6
31,24,6,עדות,דע֟ת,Morphological,Grammatical,,,,,,,,,,,,6
31,24,7,,רועו,,,,,,,,,,,,,,6
31,24,8,,נאמנה׃,,,,,,,,,,,,,,6
31,25,1,,וגם,,,,,,,,,,,,,,7
31,25,2,,על,,,,,,,,,,,,,,7
31,25,3,,היין,,,,,,,,,,,,,,7
31,25,4,,אל,,,,,,,,,,,,,,7
31,25,5,,תתגבר,,,,,,,,,,,,,,7
31,25,6,,כי,,,,,,,,,,,,,,7
31,25,7,,רבים,,,,,,,,,,,,,,7
31,25,8,,הכשיל,,,,,,,,,,,,,,7
31,25,9,,תירוש׃,,,,,,,,,,,,,,7
31,25,10,,ביתן,,,,,,,,,,,,,,7
31,26,1,,כור,,,,,,,,,,,,,,8
,,2,ביתן,בו֟חן,Lexical,,,,,,,,,,,,,8
,,3,,מעשה,,,,,,,,,,,,,,8
,,4,,לוטש,,,,,,,,,,,,,,8
,,5,כי,כן֟,Lexical,,,,,,,,,,,,,8
,,6,היית,היין֟,Lexical,,,,,,,,,,,,,8
,,7,מצות,למצות,Morphological,Preposition,,,,,,,,,,,,8
,,8,,לצים,,,,,,,,,,,,,,8
,,9,,נבון,,,,,,,,,,,,,,8
,,10,,בוחן,,,,,,,,,,,,,,9
,,11,,מעשה,,,,,,,,,,,,,,9
,,12,,מעשה,,,,,,,,,,,,,,9
,,13,,כן,,,,,,,,,,,,,,9
,,14,,שכר,,,,,,,,,,,,,,9
,,15,,לריב,,,,,,,,,,,,,,9
,,16,,לצים,,,,,,,,,,,,,,9
,27,1,,למי,,,,,,,,,,,,,,9
,,2,,היין,,,,,,,,,,,,,,9
,,3,,חיים,,,,,,,,,,,,,,9
,,4,,לאנוש,,,,,,,,,,,,,,9
,,5,,אם,,,,,,,,,,,,,,10
,,6,,ישתנו,,,,,,,,,,,,,,10
,,7,,במתכ̇נ̇תו,,,,,,,,,,,,,,10
,,8,,מה,,,,,,,,,,,,,,10
,,9,,חי̇י̇ם̇,,,,,,,,,,,,,,10
,,10,,ח̇ס̇ר̇,,,,,,,,,,,,,,10
,,11,,ה̇י̇י̇ן,,,,,,,,,,,,,,10
,,12,,ש̇ה̇ו̇א,,,,,,,,,,,,,,11
,,13,מארשית,מ̊̊ר̊̊א֟שי̊̊ת̊̊,Lexical,Metathesis,,,,,,,,,,,,11
,,14,,לש̊̊מח̇ה̇,,,,,,,,,,,,,,11
,,15,מצרו,נ̇ו̇צ֟ר,Lexical,Synonym,,,,,,,,,,,,11
,28,1,,שמחת,,,,,,,,,,,,,,11
,,2,,לב,,,,,,,,,,,,,,11
,,3,,וששון,,,,,,,,,,,,,,11
,,4,,ועדוי,,,,,,,,,,,,,,11
,,5,,יין,,,,,,,,,,,,,,11
,,6,,נשתה,,,,,,,,,,,,,,11
,,7,בעת,ב̇ע̊̊ת֟̇ו,Morphological,Suffix Pron.,,,,,,,,,,,,12
,,8,,וד̇אי,,,,,,,,,,,,,,12
,,9,,חיי,,,,,,,,,,,,,,12
,,10,,מה,,,,,,,,,,,,,,12
,,11,,לחסר̇,,,,,,,,,,,,,,12
,,12,,תירוש,,,,,,,,,,,,,,12
,,13,,והוא,,,,,,,,,,,,,,12
,,14,,לגיל,,,,,,,,,,,,,,12
,,15,,נחלק,,,,,,,,,,,,,,12
,,16,,מראש,,,,,,,,,,,,,,12
,29,1,,כאב,,,,,,,,,,,,,,13
,,2,,ראש,,,,,,,,,,,,,,13
,,3,,לענה,,,,,,,,,,,,,,13
,,4,,וקלון,,,,,,,,,,,,,,13
,,5,,יין,,,,,,,,,,,,,,13
,,6,,נשתה,,,,,,,,,,,,,,13
,,7,,בתחרה,,,,,,,,,,,,,,13
,,8,,וכעס,,,,,,,,,,,,,,13
,30,1,,מ̇ר̇בה,,,,,,,,,,,,,,14
,,2,,ח̇מר,,,,,,,,,,,,,,14
,,3,,לכ̇ס̇יל,,,,,,,,,,,,,,14
,,4,נוקש,מ̇ו̇ק֟ש,Lexical,,,,,,,,,,,,,14
,,5,,מחס̊̊ר,,,,,,,,,,,,,,14
,,6,,כח,,,,,,,,,,,,,,14
,,7,,ומספק,,,,,,,,,,,,,,14
,,8,פחד,פצ֟ע,Lexical,,,,,,,,,,,,,14
,31,1,,במשתה,,,,,,,,,,,,,,14
,,2,,היין,,,,,,,,,,,,,,15
,,3,,א̊̊ל,,,,,,,,,,,,,,15
,,4,,[תו]כ̊̊ח̊̊,,,,,,,,,,,,,,15
,,5,,ר̊̊ע,,,,,,,,,,,,,,15
,,6,,ו̊̊א̊̊ל,,,,,,,,,,,,,,15
,,7,,ת̊̊ו̊̊ג֟̊̊ה̊̊ו̊̊,,,,,,,,,,,,,,15
,,8,תחרפהו,[בח]ד̊̊[ו]ת̊̊ו̊̊,Unclassifiable,,,,,,,,,,,,,15
,,9,ע̊̊מ̊̊ו̊̊,,,,,,,,,,,,,,,15
,,10,לע̇י̇נ̇י̇,,,,,,,,,,,,,,,15
,,11,בני,,,,,,,,,,,,,,,15
,,12,אדם,,,,,,,,,,,,,,,16
,,13,,דבר,,,,,,,,,,,,,,16
,,14,,חרפה,,,,,,,,,,,,,,16
,,15,,אל,,,,,,,,,,,,,,16
,,16,,[תאמר,,,,,,,,,,,,,,16
,,17,,לו],,,,,,,,,,,,,,16
,,18,,,,,,,,,,,,,,,,16
,,19,,ה̊̊[ ],,,,,,,,,,,,,,16
32,1,1,,[,,,,,,,,,,,,,,16
,,2,,,,,,,,,,,,,,,,16
,,3,,,,,,,,,,,,,,,,17
,,4,,,,,,,,,,,,,,,,17
,,5,,,,,,,,,,,,,,,,17
,,6,,,,,,,,,,,,,,,,17
,,7,,],,,,,,,,,,,,,,17
,,8,ל,,,,,,,,,,,,,,,17
,,9,,[],,,,,,,,,,,,,,17
,,10,,היה,,,,,,,,,,,,,,17
,,11,ל̊̊[ך],להם,Unclassifiable,,,,,,,,,,,,,17
,,12,כ̊̊א̇ח̊̊ד̊̊,כאחד,Same,,,,,,,,,,,,,18
,,13,,מהם,,,,,,,,,,,,,,18
,1/1,1,,דאג,,,,,,,,,,,,,,18
,,2,,להם,,,,,,,,,,,,,,1
,,3,,ואחר,,,,,,,,,,,,,,1
,,4,,תסוב,,,,,,,,,,,,,,1
,,5,,הכין,,,,,,,,,,,,,,1
,,6,,צרכם,,,,,,,,,,,,,,1
,,7,ובכין,ואח֟ר,Lexical,Synonym,,,,,,,,,,,,1
,,8,,תרבץ,,,,,,,,,,,,,,1
,,9,,למען,,,,,,,,,,,,,,1
,,10,,תשמח,,,,,,,,,,,,,,1
,,11,,בכבודם,,,,,,,,,,,,,,1
,,12,,ועל,,,,,,,,,,,,,,1
,,13,,מוסר,,,,,,,,,,,,,,1
,,14,,תשא,,,,,,,,,,,,,,1
,,15,,שכל,,,,,,,,,,,,,,2
,1/2,1,,מלל,,,,,,,,,,,,,,2
,,2,סבכי,שב ,Lexical,,,,,,,,,,,,,2
,,,,שב,Lexical,,,,,,,,,,,,,2
,,3,,כי,,,,,,,,,,,,,,2
,,4,,ה֟וא ,Lexical,,,,,,,,,,,,,2
,,5,,לך,,,,,,,,,,,,,,2
,,6,,והצנע,,,,,,,,,,,,,,2
,,7,לכת,שכ֟ל,Lexical,,,,,,,,,,,,,2
,,8,,ואל,,,,,,,,,,,,,,2
,,9,,תמנע,,,,,,,,,,,,,,2
,,10,,שיר,,,,,,,,,,,,,,2
,4,1,,במקום,,,,,,,,,,,,,,2
,,2,,היין,,,,,,,,,,,,,,2
,,3,,אל,,,,,,,,,,,,,,2
,,4,,תשפך,,,,,,,,,,,,,,2
,,5,,שיח,,,,,,,,,,,,,,2
,,6,,ובלא,,,,,,,,,,,,,,2
,,7,,מזמר,,,,,,,,,,,,,,3
,,8,,מה,,,,,,,,,,,,,,3
,,9,,תשפך,,,,,,,,,,,,,,3
,,10,,שיח,,,,,,,,,,,,,,3
,,11,,ובל,,,,,,,,,,,,,,3
,,12,,עת,,,,,,,,,,,,,,3
,,13,,מה,,,,,,,,,,,,,,3
,,14,,תתחכם,,,,,,,,,,,,,,3
,5,1,,כחותם,,,,,,,,,,,,,,3
,,2,,על,,,,,,,,,,,,,,3
,,3,,כיס,,,,,,,,,,,,,,3
,,4,,זהב,,,,,,,,,,,,,,3
,,5,שירת,שי֟ר,Morphological,Masc/Fem,,,,,,,,,,,,3
,,6,,אל,,,,,,,,,,,,,,3
,,7,,על,,,,,,,,,,,,,,4
,,8,,משתה,,,,,,,,,,,,,,4
,,9,,היין,,,,,,,,,,,,,,4
,,10,,כומז,,,,,,,,,,,,,,4
,,11,,אודם,,,,,,,,,,,,,,4
,,12,,על,,,,,,,,,,,,,,4
,,13,נוב,ני֟ב֟,Morphological,Orthographical,,,,,,,,,,,,4
,,,,ני֟ב֟,Lexical,,,,,,,,,,,,,4
,,14,,זהב,,,,,,,,,,,,,,4
,,15,,משפט,,,,,,,,,,,,,,4
,,16,,שיר,,,,,,,,,,,,,,4
,,17,,על,,,,,,,,,,,,,,4
,,18,,משתה,,,,,,,,,,,,,,4
,,19,,היין,,,,,,,,,,,,,,4
,,20,,כרביד,,,,,,,,,,,,,,5
,,21,,זהב,,,,,,,,,,,,,,5
,,22,,ובו,,,,,,,,,,,,,,5
,,23,נהפך,נפך,Lexical,,,,,,,,,,,,,5
,,24,ספיר,וספיר,Morphological,Coordination,,,,,,,,,,,,5
,,25,,כך,,,,,,,,,,,,,,5
,,26,,נאים,,,,,,,,,,,,,,5
,,27,,דברים,,,,,,,,,,,,,,5
,,28,,יפים,,,,,,,,,,,,,,5
,,29,,על,,,,,,,,,,,,,,5
,,30,,משתה,,,,,,,,,,,,,,5
,,31,,היין,,,,,,,,,,,,,,5
,6,1,,,,,,,,,,,,,,,,5
,,2,מלא,מ֟לואות,Morphological,Grammatical,Singular/Plural,,,,,,,,,,,6
,,3,,פז,,,,,,,,,,,,,,6
,,4,,וחותם,,,,,,,,,,,,,,6
,,5,,ברקת,,,,,,,,,,,,,,6
,,6,,קול,,,,,,,,,,,,,,6
,,7,,מזמור,,,,,,,,,,,,,,6
,,8,,על,,,,,,,,,,,,,,6
,,9,,נועם,,,,,,,,,,,,,,6
,,10,,תירוש,,,,,,,,,,,,,,6
,7,1,,דבר,,,,,,,,,,,,,,6
,,2,,נער,,,,,,,,,,,,,,6
,,3,,אם,,,,,,,,,,,,,,6
,,4,,צריך,,,,,,,,,,,,,,7
,,5,אתך,את֟ה,Lexical,,,,,,,,,,,,,7
,,6,,בחזק,,,,,,,,,,,,,,7
,,7,,פעמים,,,,,,,,,,,,,,7
,,8,,ושלש,,,,,,,,,,,,,,7
,,9,,אם,,,,,,,,,,,,,,7
,,10,ישא,ישא֟לך,Lexical,,,,,,,,,,,,,7
,,11,לך,,Plus_Minus,,,,,,,,,,,,,7
,10,1,,לפני,,,,,,,,,,,,,,7
,,2,,ברד,,,,,,,,,,,,,,7
,,3,,ינצח,,,,,,,,,,,,,,7
,,4,,ברק,,,,,,,,,,,,,,7
,,5,,ולפני,,,,,,,,,,,,,,7
,,6,,דכא,,,,,,,,,,,,,,8
,,7,,ינצח,,,,,,,,,,,,,,8
,,8,,חן׃,,,,,,,,,,,,,,8
,,9,,לפני,,,,,,,,,,,,,,8
,,10,ברד,ברד,Same,,,,,,,,,,,,,8
,,11,ינצח,י֟נצח,Same,,,,,,,,,,,,,8
,,12,ברד,֟ברק,Lexical,,,,,,,,,,,,,8
,,13,,ולפני,,,,,,,,,,,,,,8
,,14,,בושי,,,,,,,,,,,,,,8
,,15,,חן׃,,,,,,,,,,,,,,8
,14,1,דרש,ד̇ו̇ר̊̊ש̇,Morphological,Orthographical,,,,,,,,,,,,9
,,2,אל,א̊̊ל,Same,,,,,,,,,,,,,9
,,3,חי,,Plus_Minus,,,,,,,,,,,,,9
,,4,ו̊קוה,[י]ק̇ו̊̊ה̊̊,Unclassifiable,,,,,,,,,,,,,9
,,5,רצוץ,רצ̊̊ון,Lexical,,,,,,,,,,,,,9
,,6,,,,,,,,,,,,,,,,9
,,7,,ומתלהלה,,,,,,,,,,,,,,9
,,8,,יוקש,,,,,,,,,,,,,,9
,,9,,בו,,,,,,,,,,,,,,9
,,10,,דורש,,,,,,,,,,,,,,9
,,11,,אל,,,,,,,,,,,,,,9
,,12,,יקח,,,,,,,,,,,,,,9
,,13,,מוסר,,,,,,,,,,,,,,9
,,14,,ומשחרהו,,,,,,,,,,,,,,10
,,15,,ישיג,,,,,,,,,,,,,,10
,,16,,מענה,,,,,,,,,,,,,,10
,,17,,דורש,,,,,,,,,,,,,,10
,,18,,חפצי,,,,,,,,,,,,,,10
,,19,,אל,,,,,,,,,,,,,,10
,,20,ישא,יק֟ח,Lexical,,,,,,,,,,,,,10
,,21,,לקח,,,,,,,,,,,,,,10
,,22,,ויענהו,,,,,,,,,,,,,,11
,,23,,בתפלתו,,,,,,,,,,,,,,11
,,24,,,,,,,,,,,,,,,,11
,15,1,,דורש,,,,,,,,,,,,,,11
,,2,,תורה,,,,,,,,,,,,,,11
,,3,,יפיקנה,,,,,,,,,,,,,,11
,,4,,ומתלהלה,,,,,,,,,,,,,,11
,,5,,יוקש,,,,,,,,,,,,,,11
,,6,,בה,,,,,,,,,,,,,,12
,16,1,,ירא,,,,,,,,,,,,,,12
,,2,,ייי,,,,,,,,,,,,,,12
,,3,,יבין,,,,,,,,,,,,,,12
,,4,,משפט,,,,,,,,,,,,,,12
,,5,,ותחבולות,,,,,,,,,,,,,,12
,,6,,מנשף,,,,,,,,,,,,,,12
,,7,,יוציא,,,,,,,,,,,,,,12
,,8,,יראי,,,,,,,,,,,,,,13
,,9,,ייי,,,,,,,,,,,,,,13
,,10,,יבינו,,,,,,,,,,,,,,13
,,11,,משפטו,,,,,,,,,,,,,,13
,,12,וחכמות,וכח֟מות,Lexical,Metathesis,,,,,,,,,,,,13
,,13,,רבות,,,,,,,,,,,,,,13
,,14,,יוציאו,,,,,,,,,,,,,,13
,,15,,מלבם,,,,,,,,,,,,,,13
,17,1,,איש,,,,,,,,,,,,,,13
,,2,חמס,חכ֟ם,Lexical,Anthonym,,,,,,,,,,,,13
,,3,,יטה,,,,,,,,,,,,,,13
,,4,,תוכחות,,,,,,,,,,,,,,13
,,5,ויאחר,ואח֟ר,Morphological,Grammatical,,,,,,,,,,,,13
,,6,,צרכו,,,,,,,,,,,,,,14
,,7,למשוך,ימ֟שך,Morphological,Grammatical,,,,,,,,,,,,14
,,8,,תורה,,,,,,,,,,,,,,14
,18,1,,איש,,,,,,,,,,,,,,14
,,2,,חכם,,,,,,,,,,,,,,14
,,3,,לא,,,,,,,,,,,,,,14
,,4,,יכסה,,,,,,,,,,,,,,14
,,5,חכמה,כח֟מה,Lexical,Metathesis,,,,,,,,,,,,14
,,6,,ולץ,,,,,,,,,,,,,,15
,,7,,לא,,,,,,,,,,,,,,15
,,8,,ישמר,,,,,,,,,,,,,,15
,,9,,לשונו,,,,,,,,,,,,,,15
,,10,איש,איש,,,,,,,,,,,,,,15
,,11,חמס,חכם,Lexical,Anthonym,,,,,,,,,,,,15
,,12,לא,לא,Same,,,,,,,,,,,,,15
,,13,יקח,יקח,Same,,,,,,,,,,,,,15
,,14,שכל,שחד,Same,,,,,,,,,,,,,15
,,15,זד,זד,Same,,,,,,,,,,,,,15
,,16,ולץ,ולץ,Same,,,,,,,,,,,,,16
,,17,לא,לא,Same,,,,,,,,,,,,,16
,,18,יקח,ישמר,Lexical,,,,,,,,,,,,,16
,,19,מצוה,תורה,Lexical,Synonym,,,,,,,,,,,,16
,19,1,,בלא,,,,,,,,,,,,,,16
,,2,,עצה,,,,,,,,,,,,,,16
,,3,,אל,,,,,,,,,,,,,,16
,,4,,תפעל,,,,,,,,,,,,,,16
,,5,,דבר,,,,,,,,,,,,,,16
,,6,,ואחר,,,,,,,,,,,,,,17
,,7,,מעשיך,,,,,,,,,,,,,,17
,,8,,אל,,,,,,,,,,,,,,17
,,9,,תתקצף,,,,,,,,,,,,,,17
,20,1,,בדרך,,,,,,,,,,,,,,17
,,2,,מוקשת,,,,,,,,,,,,,,17
,,3,,אל,,,,,,,,,,,,,,17
,,4,,תלך,,,,,,,,,,,,,,17
,,5,,ואל,,,,,,,,,,,,,,18
,,6,,תתקל,,,,,,,,,,,,,,18
,,7,,בנגף,,,,,,,,,,,,,,18
,,8,,פעמים,,,,,,,,,,,,,,18
,21/22,1,,אל,,,,,,,,,,,,,,18
,,2,,תבטח,,,,,,,,,,,,,,18
,,3,,בדרך,,,,,,,,,,,,,,18
,,4,ר̇ש̊ע̊י̊ם,מח֟תף,Lexical,Synonym,,,,,,,,,,,,18
,,5,,ובאחריתך,,,,,,,,,,,,,,18
,,6,ה̇ז̇ה̊ר̊,הש֟מר,Lexical,Synonym,,,,,,,,,,,,18
,,7,,אל,,,,,,,,,,,,,,18
,,8,,תבטח,,,,,,,,,,,,,,18
,,9,,בדרך,,,,,,,,,,,,,,18
,,10,,רשעים,,,,,,,,,,,,,,1
,,11,,ובארחתיך,,,,,,,,,,,,,,1
,,12,,,,,,,,,,,,,,,,1
,,13,,הזהר,,,,,,,,,,,,,,1
,23,1,,בכל,,,,,,,,,,,,,,1
,,2,,דרכיך,,,,,,,,,,,,,,1
,,3,,שמור,,,,,,,,,,,,,,1
,,4,,נפשך,,,,,,,,,,,,,,1
,,5,,כי,,,,,,,,,,,,,,2
,,6,,כל,,,,,,,,,,,,,,2
,,7,,עושה,,,,,,,,,,,,,,2
,,8,,אלה,,,,,,,,,,,,,,2
,,9,,שומר,,,,,,,,,,,,,,2
,,10,מצות,מ֟צ֟וה,Morphological,Singular/Plural,,,,,,,,,,,,2
,,,,מ֟צ֟וה,Morphological,Suffix Pron.,,,,,,,,,,,,2
,,11,,בכל,,,,,,,,,,,,,,3
,,12,,מעשיך,,,,,,,,,,,,,,3
,,13,,שמור,,,,,,,,,,,,,,3
,,14,,נפשך,,,,,,,,,,,,,,3
,,15,,כי,,,,,,,,,,,,,,3
,,16,,עושה,,,,,,,,,,,,,,3
,,17,,זה,,,,,,,,,,,,,,4
,,18,,שומר,,,,,,,,,,,,,,4
,,19,,מצוה,,,,,,,,,,,,,,4
,24,1,,נוצר,,,,,,,,,,,,,,4
,,2,,תורה,,,,,,,,,,,,,,4
,,3,,שומר,,,,,,,,,,,,,,4
,,4,,נפשו,,,,,,,,,,,,,,4
,,5,,ובוטח,,,,,,,,,,,,,,5
,,6,,בייי,,,,,,,,,,,,,,5
,,7,,לא,,,,,,,,,,,,,,5
,,8,,יבוש,,,,,,,,,,,,,,5
33,1,1,,ירא,,,,,,,,,,,,,,5
,,2,,ייי,,,,,,,,,,,,,,5
,,3,,לא,,,,,,,,,,,,,,5
,,4,,יפגע,,,,,,,,,,,,,,5
,,5,,רע,,,,,,,,,,,,,,5
,,6,,כי,,,,,,,,,,,,,,5
,,7,,אם,,,,,,,,,,,,,,5
,,8,,בניסוי,,,,,,,,,,,,,,6
,,9,ושב,ש֟̇ב̊̊,Morphological,Coordination,,,,,,,,,,,,6
,,10,,ו̊̊נ̊̊מ̊̊ל̇ט̊̊,,,,,,,,,,,,,,6
,2,1,,לא,,,,,,,,,,,,,,6
,,2,,יחכם,,,,,,,,,,,,,,6
,,3,,שונא,,,,,,,,,,,,,,6
,,4,,תורה,,,,,,,,,,,,,,6
,,5,,ומתמוטט,,,,,,,,,,,,,,6
,,6,במסער,כמ֟ס̇ע̊̊ר̊̊ה̊̊,Morphological,Preposition,Orthographical,,,,,,,,,,,6
,,7,,א̊̊נ̊̊י̊̊,,,,,,,,,,,,,,6
,3,1,,איש,,,,,,,,,,,,,,6
,,2,,נבון,,,,,,,,,,,,,,7
,,3,,יבין,,,,,,,,,,,,,,7
,,4,,דבר,,,,,,,,,,,,,,7
,,5,,ותורתו,,,,,,,,,,,,,,7
,,6,,כא̇◌◌◌י̊̊ן̊̊,,,,,,,,,,,,,,7
,,7,,◌◌◌◌◌◌,,,,,,,,,,,,,,7
35,11,1,,בכל,,,,,,,,,,,,,,7
35,11,2,,מע̇שיך,,,,,,,,,,,,,,7
35,11,3,,הא̊̊ר̊̊,,,,,,,,,,,,,,7
35,11,4,,פ̊̊נ̊̊י̊̊ם,,,,,,,,,,,,,,8
35,11,5,,ובששון,,,,,,,,,,,,,,8
35,11,6,,הקדש,,,,,,,,,,,,,,8
35,11,7,מעשרך,מע֟ש֟ר,Morphological,Suffix Pron.,,,,,,,,,,,,8
35,11,7,מעשיך,מע֟ש֟ר,Lexical,,,,,,,,,,,,,8
35,11,9,מלוה,,,,,,,,,,,,,,,8
35,11,10,ייי,,,,,,,,,,,,,,,8
35,11,11,נותן,,,,,,,,,,,,,,,8
35,11,12,לאביון,,,,,,,,,,,,,,,8
35,11,13,ומי,,,,,,,,,,,,,,,8
35,11,14,בעל,,,,,,,,,,,,,,,8
35,11,15,גמולות,,,,,,,,,,,,,,,8
35,11,16,כי,,,,,,,,,,,,,,,8
35,11,17,אם,,,,,,,,,,,,,,,8
35,11,18,הוא׃,,,,,,,,,,,,,,,8
35,12,1,,תן,,,,,,,,,,,,,,8
35,12,2,,ל֟ו,,,,,,,,,,,,,,8
35,12,3,כ̇מ̇תתו,כ̇מ̇ת֟נתו,,,,,,,,,,,,,,8
35,12,4,,לך:,,,,,,,,,,,,,,8
35,12,5,,,,,,,,,,,,,,,,8
35,12,6,,בטוב,,,,,,,,,,,,,,9
35,12,7,,עין,,,,,,,,,,,,,,9
35,12,8,ובכהגשת,ובה֟ש֟גת,Lexical,Preposition,Metathesis,,,,,,,,,,,9
35,12,8,ובכהגיש,ובה֟ש֟גת,Lexical,Preposition,Metathesis,,,,,,,,,,,9
35,12,9,,יד׃,,,,,,,,,,,,,,9
35,13,1,,כ̊̊י̊̊,,,,,,,,,,,,,,9
35,13,2,לאֵל,אלוה,Lexical,Synonym,,,,,,,,,,,,9
35,13,3,,תשלומות,,,,,,,,,,,,,,9
35,13,4,,הוא,,,,,,,,,,,,,,9
35,13,5,,ושבעתים,,,,,,,,,,,,,,10
35,13,6,ישלם,ישי֟ב,Lexical,,,,,,,,,,,,,10
35,13,7,,לך׃,,,,,,,,,,,,,,10
35,14/15,1,,אל,,,,,,,,,,,,,,10
35,14/15,2,,תשחד,,,,,,,,,,,,,,10
35,14/15,3,,כי,,,,,,,,,,,,,,10
35,14/15,4,,לא,,,,,,,,,,,,,,10
35,14/15,5,,יקח,,,,,,,,,,,,,,10
35,14/15,6,,ואל,,,,,,,,,,,,,,10
35,14/15,7,,תבטח,,,,,,,,,,,,,,11
35,14/15,8,,על,,,,,,,,,,,,,,11
35,14/15,9,,זבח,,,,,,,,,,,,,,11
35,14/15,10,,מעשק׃,,,,,,,,,,,,,,11
35,14/15,11,,כי,,,,,,,,,,,,,,11
35,14/15,12,,אלהי,,,,,,,,,,,,,,11
35,14/15,13,,משפט,,,,,,,,,,,,,,11
35,14/15,14,,הוא,,,,,,,,,,,,,,11
35,14/15,15,,ואין,,,,,,,,,,,,,,12
35,14/15,16,,עמו,,,,,,,,,,,,,,12
35,14/15,17,,משוא,,,,,,,,,,,,,,12
35,14/15,18,,פנים׃,,,,,,,,,,,,,,12
35,16,1,,לא,,,,,,,,,,,,,,12
35,16,2,,ישא,,,,,,,,,,,,,,12
35,16,3,,פ̊̊נים,,,,,,,,,,,,,,13
35,16,4,,אל,,,,,,,,,,,,,,13
35,16,5,,דל,,,,,,,,,,,,,,13
35,16,6,ותחנונים,ותח֟נוני,Morphological,Grammatical,,,,,,,,,,,,13
35,16,7,,מצוק,,,,,,,,,,,,,,13
35,16,8,,ישמע׃,,,,,,,,,,,,,,13
35,17,1,,לא,,,,,,,,,,,,,,13
35,17,2,,יטש,,,,,,,,,,,,,,13
35,17,3,אנקת,צעק֟ת,Lexical,Synonym,,,,,,,,,,,,13
35,17,4,,יתום,,,,,,,,,,,,,,13
35,17,5,,ואלמנה,,,,,,,,,,,,,,13
35,17,6,,כי,,,,,,,,,,,,,,14
35,17,7,,ת֟רבה,,,,,,,,,,,,,,14
35,17,8,,שיח׃,,,,,,,,,,,,,,14
35,17,9,,ת,,,,,,,,,,,,,,14
35,17,10,,תחבט,,,,,,,,,,,,,,14
35,18,1,,הלא,,,,,,,,,,,,,,14
35,18,2,,דמעה,,,,,,,,,,,,,,14
35,18,3,,על,,,,,,,,,,,,,,14
35,18,4,,לחי,,,,,,,,,,,,,,14
35,18,5,,תרד,,,,,,,,,,,,,,14
35,18,6,,ואנחה,,,,,,,,,,,,,,14
35,18,7,,על,,,,,,,,,,,,,,14
35,18,8,,מרודיה׃,,,,,,,,,,,,,,15
35,20,1,,תמרורי,,,,,,,,,,,,,,15
35,20,2,,רצון,,,,,,,,,,,,,,15
35,20,3,,הנחה,,,,,,,,,,,,,,15
35,20,4,צעקתה,וצע֟ק֟ה,Morphological,Suffix Pron.,,,,,,,,,,,,15
35,20,4,וצעקתיה,וצע֟ק֟ה,Morphological,Suffix Pron.,,,,,,,,,,,,15
35,20,5,,ענן,,,,,,,,,,,,,,15
35,20,6,,חשתה׃,,,,,,,,,,,,,,15
35,21,1,,שועת,,,,,,,,,,,,,,16
35,21,2,,דל,,,,,,,,,,,,,,16
35,21,3,עבים,ענן,Lexical,Synonym,,,,,,,,,,,,16
35,21,4,חלפה,֟חל,Lexical,Synonym,,,,,,,,,,,,16
35,21,5,,עם,,,,,,,,,,,,,,16
35,21,6,,"
                    ",,,,,,,,,,,,,,16
35,21,7,ועד,֟ועד,Same,,,,,,,,,,,,,16
,,,כי,,Plus_Minus,,,,,,,,,,,,,16
,,,כי,,Plus_Minus,,,,,,,,,,,,,16
35,21,8,תגע,תגיע,Morphological,Orthographical,,,,,,,,,,,,16
35,21,9,לא,֟לא,Same,,,,,,,,,,,,,16
35,21,10,תנוח׃,תנוח:,Same,,,,,,,,,,,,,17
35,21/22,1,,לא,,,,,,,,,,,,,,17
35,21/22,2,,תמוש,,,,,,,,,,,,,,17
35,21/22,3,,עד,,,,,,,,,,,,,,17
35,21/22,4,,יפקוד,,,,,,,,,,,,,,17
35,21/22,5,,אל,,,,,,,,,,,,,,17
35,21/22,6,,ושופט,,,,,,,,,,,,,,17
35,21/22,7,,צדק,,,,,,,,,,,,,,17
35,21/22,8,עושה,יע֟שה,Morphological,Grammatical,,,,,,,,,,,,17
35,21/22,9,,משפט׃,,,,,,,,,,,,,,18
35,21/22,11,,גם,,,,,,,,,,,,,,18
35,21/22,12,אדון,א֟ל,,,,,,,,,,,,,,18
35,21/22,13,,לא,,,,,,,,,,,,,,18
35,21/22,14,,יתמהמה,,,,,,,,,,,,,,18
35,21/22,15,וגבור,֟וכגבור,Morphological,Preposition,,,,,,,,,,,,18
35,21/22,16,מה,֟לא,Lexical,,,,,,,,,,,,,18
35,21/22,16,מה,֟לא,Lexical,,,,,,,,,,,,,18
35,21/22,17,יתאפק׃,יתאפק:,Same,,,,,,,,,,,,,18
35,22/23,1,,עד,,,,,,,,,,,,,,1
35,22/23,2,,ימחץ,,,,,,,,,,,,,,1
35,22/23,3,מפני,מת֟ני,Lexical,,,,,,,,,,,,,1
35,22/23,4,,אכזרי,,,,,,,,,,,,,,1
35,22/23,5,,ולגוים,,,,,,,,,,,,,,1
35,22/23,6,,ישיב,,,,,,,,,,,,,,1
35,22/23,7,,נקם׃,,,,,,,,,,,,,,1
35,22/23,8,,עד,,,,,,,,,,,,,,1
35,22/23,9,,יוריש,,,,,,,,,,,,,,1
35,22/23,10,שבטי,ש֟בט,Morphological,Singular/Plural,,,,,,,,,,,,1
35,22/23,11,,זדון,,,,,,,,,,,,,,1
35,22/23,12,,ומטה,,,,,,,,,,,,,,1
35,22/23,13,רשעים,רש֟ע,Morphological,Singular/Plural,,,,,,,,,,,,1
35,22/23,14,,גדוע,,,,,,,,,,,,,,1
35,22/23,15,,יגדע׃,,,,,,,,,,,,,,1
35,24,1,,עד,,,,,,,,,,,,,,1
35,24,2,,ישיב,,,,,,,,,,,,,,1
35,24,3,,לאנוש,,,,,,,,,,,,,,1
35,24,4,,פעלו,,,,,,,,,,,,,,2
35,24,5,,וגמול,,,,,,,,,,,,,,2
35,24,6,,אדם,,,,,,,,,,,,,,2
35,24,7,,כמזמתו׃,,,,,,,,,,,,,,2
35,25,1,,ע̇ד̊̊,,,,,,,,,,,,,,2
35,25,2,,י̊̊ר̊̊י̊̊ב̇,,,,,,,,,,,,,,2
35,25,3,,ריב,,,,,,,,,,,,,,2
35,25,4,,ע̇מ̇ו,,,,,,,,,,,,,,2
35,25,5,וישמחם,וש֟מחם,Morphological,Grammatical,,,,,,,,,,,,2
35,25,6,,בישועתו׃,,,,,,,,,,,,,,2
35,26,2,,ח̊̊,,,,,,,,,,,,,,3
35,26,3,,ב̇ז̇מ̇ן̇,,,,,,,,,,,,,,3
35,26,4,,מצוקה,,,,,,,,,,,,,,3
35,26,5,,כעת,,,,,,,,,,,,,,3
35,26,6,,חזיזים,,,,,,,,,,,,,,3
35,26,7,,בעת,,,,,,,,,,,,,,3
35,26,8,,בצ̇ו̇ר̊̊ת׃,,,,,,,,,,,,,,3
35,26,9,,̊נ̊א̊̊,,,,,,,,,,,,,,4
35,26,10,,,,,,,,,,,,,,,,4
35,26,11,,כ̊̊ע̊̊ב̊̊,,,,,,,,,,,,,,4
35,26,12,,ח̊̊ז̊̊י̊̊ז̊̊י̊̊ם̊̊,,,,,,,,,,,,,,4
35,26,13,,ב̇ע̇ת̊̊,,,,,,,,,,,,,,4
35,26,14,,צ̊̊ר̊̊ך׃,,,,,,,,,,,,,,4
35,26,15,,אין,,,,,,,,,,,,,,4
35,26,16,,פסוק,,,,,,,,,,,,,,4
35,26,17,,אז,,,,,,,,,,,,,,4
35,26,18,,נוסכתהא,,,,,,,,,,,,,,4
35,26,19,,ידיגר̊,,,,,,,,,,,,,,5
35,26,20,,ואידר,,,,,,,,,,,,,,5
35,26,21,,זא,,,,,,,,,,,,,,5
35,26,22,,הישתה̊,,,,,,,,,,,,,,5
35,26,23,,בוד,,,,,,,,,,,,,,5
35,26,24,,ובי,,,,,,,,,,,,,,5
35,26,25,,נבישתה,,,,,,,,,,,,,,5
36,1/2,1,,הושיענו,,,,,,,,,,,,,,5
36,1/2,2,,אלהי,,,,,,,,,,,,,,6
36,1/2,3,,הכל,,,,,,,,,,,,,,6
36,1/2,4,,ו̊̊ש̊̊ים̊̊,,,,,,,,,,,,,,6
36,1/2,5,,פחדך,,,,,,,,,,,,,,6
36,1/2,6,,על,,,,,,,,,,,,,,6
36,1/2,7,,כל,,,,,,,,,,,,,,6
36,1/2,8,,הגוים׃,,,,,,,,,,,,,,6
36,3,1,,הניף,,,,,,,,,,,,,,6
,,,יד,,Plus_Minus,,,,,,,,,,,,,7
36,3,2,,֟על,,,,,,,,,,,,,,7
36,3,3,,עם,,,,,,,,,,,,,,7
36,3,4,,נכר,,,,,,,,,,,,,,7
36,3,5,,ויראו,,,,,,,,,,,,,,7
36,3,6,,את,,,,,,,,,,,,,,7
36,3,7,,גבורת̊̊יך׃,,,,,,,,,,,,,,7
36,4,1,כאשר,כאשר,Same,,,,,,,,,,,,,7
36,4,2,לעיניהם,נקדשת,Lexical,,,,,,,,,,,,,7
36,4,3,נקדשתה,לעיניהם,Lexical,,,,,,,,,,,,,7
36,4,4,בם,ב֟נו,Morphological,Suffix Pron.,,,,,,,,,,,,8
36,4,4,בם׃,ב֟נו,Morphological,Suffix Pron.,,,,,,,,,,,,8
36,4,5,כן,כ̇ן̊̊,Same,,,,,,,,,,,,,8
36,4,6,לעניהם,לע̇יני̊̊נ̊̊ו,Morphological,Suffix Pron.,,,,,,,,,,,,8
36,4,7,הכבד,הכב̇ד,Same,,,,,,,,,,,,,8
36,4,8,בם,בנ̇ו̊̊׃,Morphological,Suffix Pron.,,,,,,,,,,,,8
36,4,8,בם׃,בנ̇ו̊̊׃,Morphological,Suffix Pron.,,,,,,,,,,,,8
36,5,1,,וידעו,,,,,,,,,,,,,,8
36,5,2,,כאשר,,,,,,,,,,,,,,9
36,5,3,,ידענו,,,,,,,,,,,,,,9
36,5,4,,כי,,,,,,,,,,,,,,9
36,5,5,,אין,,,,,,,,,,,,,,9
36,5,6,,אלהים,,,,,,,,,,,,,,9
36,5,7,,זולתך׃,,,,,,,,,,,,,,9
36,6/7,1,חַדֵש,חדש,Same,,,,,,,,,,,,,9
36,6/7,2,אֵל,אות,Lexical,,,,,,,,,,,,,10
36,6/7,3,וְשַנֵה,ושנה,Same,,,,,,,,,,,,,10
36,6/7,4,תֵמַהֽ,מופת,Lexical,,,,,,,,,,,,,10
36,6/7,5,האריך,האדר,Morphological,Suffix Pron.,,,,,,,,,,,,10
36,6/7,6,יד,יד,Same,,,,,,,,,,,,,10
36,6/7,7,,ואמץ,Plus_Minus,,,,,,,,,,,,,10
36,6/7,8,וזריז,זרוע,Lexical,,,,,,,,,,,,,10
36,6/7,9,ימים,וימין׃,Morphological,Coordination,,,,,,,,,,,,
36,8/9,1,,העיר,,,,,,,,,,,,,,
36,8/9,2,,אף,,,,,,,,,,,,,,10
36,8/9,3,,ושפוך,,,,,,,,,,,,,,10
36,8/9,4,,חמה,,,,,,,,,,,,,,10
36,8/9,5,,והכניע,,,,,,,,,,,,,,11
36,8/9,6,,צי̇,,,,,,,,,,,,,,11
36,8/9,7,ו̊̊ת̊̊נ̊̊ד̇וף,והד֟וף,Lexical,Synonym,,,,,,,,,,,,11
36,8/9,8,,או̇י̇ב׃,,,,,,,,,,,,,,11
36,10,1,,החיש,,,,,,,,,,,,,,11
36,10,2,,קץ,,,,,,,,,,,,,,11
36,10,3,,ופקוד,,,,,,,,,,,,,,11
36,10,4,מצער,מו֟עד,,,,,,,,,,,,,,11
36,10,5,,כי,,,,,,,,,,,,,,11
36,10,6,,מי,,,,,,,,,,,,,,12
36,10,7,,יאמר,,,,,,,,,,,,,,12
36,10,8,,לך,,,,,,,,,,,,,,12
36,10,9,,מה,,,,,,,,,,,,,,12
36,10,10,תפעל,תעש֟ה׃,Lexical,Synonym,,,,,,,,,,,,12
36,10,13,,אויב,,,,,,,,,,,,,,12
36,12,1,,השבת,,,,,,,,,,,,,,12
36,12,2,,ראש,,,,,,,,,,,,,,12
36,12,3,,פאתי,,,,,,,,,,,,,,13
36,12,4,,מוא֟ב,,,,,,,,,,,,,,13
36,12,5,,האומר,,,,,,,,,,,,,,13
36,12,6,,אין,,,,,,,,,,,,,,13
36,12,7,,זולתי׃,,,,,,,,,,,,,,13
36,13a/16b,1,,אסוף,,,,,,,,,,,,,,13
36,13a/16b,2,,כל,,,,,,,,,,,,,,13
36,13a/16b,3,,שבטי,,,,,,,,,,,,,,14
36,13a/16b,4,,יעקב,,,,,,,,,,,,,,14
36,13a/16b,5,,ויתנחלו,,,,,,,,,,,,,,14
36,13a/16b,6,,כימי,,,,,,,,,,,,,,14
36,13a/16b,7,,קדם׃,,,,,,,,,,,,,,14
36,17,1,,רחם,,,,,,,,,,,,,,14
36,17,2,,על,,,,,,,,,,,,,,14
36,17,3,,עם,,,,,,,,,,,,,,14
36,17,4,,נקרא,,,,,,,,,,,,,,15
36,17,5,,בשמך,,,,,,,,,,,,,,15
36,17,6,,ישרא‍ל,,,,,,,,,,,,,,15
36,17,7,,בכ̇ו̇ר,,,,,,,,,,,,,,15
36,17,8,,כיניתה׃,,,,,,,,,,,,,,15
36,18,1,,רחם,,,,,,,,,,,,,,15
36,18,2,,על,,,,,,,,,,,,,,15
36,18,3,,קרית,,,,,,,,,,,,,,16
36,18,4,,קדשך,,,,,,,,,,,,,,16
36,18,5,,ירושלם,,,,,,,,,,,,,,16
36,18,6,,מכון,,,,,,,,,,,,,,16
36,18,7,,שבתיך׃,,,,,,,,,,,,,,16
36,19,1,,מלא,,,,,,,,,,,,,,16
36,19,2,,ציון,,,,,,,,,,,,,,17
36,19,3,,את,,,,,,,,,,,,,,17
36,19,5,מהדריך,֟הודך,Morphological,Preposition,,,,,,,,,,,,17
36,19,6,,ומכבודך,,,,,,,,,,,,,,17
36,19,7,,את,,,,,,,,,,,,,,17
36,19,8,,היכלך׃,,,,,,,,,,,,,,17
36,20,1,,תן,,,,,,,,,,,,,,17
36,20,2,,עדות,,,,,,,,,,,,,,18
36,20,3,,למראש,,,,,,,,,,,,,,18
36,20,4,,מעשיך,,,,,,,,,,,,,,18
36,20,5,,והקם,,,,,,,,,,,,,,18
36,20,6,,חזון,,,,,,,,,,,,,,18
36,20,7,,דבר,,,,,,,,,,,,,,18
36,20,8,,בשמך׃,,,,,,,,,,,,,,18
36,21,1,,תן,,,,,,,,,,,,,,18
36,21,2,,את,,,,,,,,,,,,,,18
36,21,3,,פעלת,,,,,,,,,,,,,,18
36,21,4,,קוויך,,,,,,,,,,,,,,18
36,21,5,,ונביאיך,,,,,,,,,,,,,,18
36,21,6,,יאמינו׃,,,,,,,,,,,,,,18
36,22,1,,תשמע,,,,,,,,,,,,,,18
36,22,2,,תפלת,,,,,,,,,,,,,,18
36,22,3,עבדך,עבד֟יך,Morphological,,Singular/Plural,,,,,,,,,,,18
36,22,4,ברצונך,כ̇ר̇צ֟ונך,Morphological,,Preposition,,,,,,,,,,,18
36,22,5,,על,,,,,,,,,,,,,,1
36,22,6,,עמך׃,,,,,,,,,,,,,,1
36,22,8,ויראו,ויד֟עו,Lexical,,,,,,,,,,,,,1
36,22,9,,כ̊̊ל,,,,,,,,,,,,,,1
36,22,10,,אפסי,,,,,,,,,,,,,,1
36,22,11,,ארץ,,,,,,,,,,,,,,1
36,22,12,,כי,,,,,,,,,,,,,,1
36,22,13,,את̊̊ה,,,,,,,,,,,,,,1
36,22,14,,אל,,,,,,,,,,,,,,2
36,22,15,,ע̇ו̊̊ל̇ם̊̊,,,,,,,,,,,,,,
36,23,1,כל,כל,Same,,,,,,,,,,,,,2
36,23,2,מ̊,מאכל,Same,,,,,,,,,,,,,2
36,23,3,א̊[כ]ל̊ת,אוכל,Unclassifiable,,,,,,,,,,,,,2
36,23,4,סוגרת,גרגרת,Lexical,Synonym,,,,,,,,,,,,2
36,23,5,אך,אך,Same,,,,,,,,,,,,,2
36,23,6,יש,יש,Same,,,,,,,,,,,,,2
36,23,7,מא̊כל,אוכ̇ל,Morphological,Grammatical,,,,,,,,,,,,3
36,23,8,ממא̊כל,מ̇א̇ו̊̊כ̇ל̇,Morphological,Grammatical,,,,,,,,,,,,3
36,23,9,ת̇נ̇עם̊,נ̊̊ע̇ים׃,Morphological,Grammatical,,,,,,,,,,,,3
36,26ab,1,,כ̊̊ל̇,,,,,,,,,,,,,,3
36,26ab,2,,ז̊̊כ̊̊ר̇,,,,,,,,,,,,,,3
36,26ab,3,,ת̇ק̇ב̇ל̇,,,,,,,,,,,,,,3
36,26ab,4,,א̇ש̊̊ה̊̊,,,,,,,,,,,,,,3
36,26ab,5,,אך̇,,,,,,,,,,,,,,3
36,26ab,6,,י̊̊ש̊̊,,,,,,,,,,,,,,3
36,26ab,7,,א̇ש̊̊ה̊̊,,,,,,,,,,,,,,3
36,26ab,8,,מ̇א̊̊ש̊̊ה̊̊,,,,,,,,,,,,,,4
36,26ab,9,,י̊̊פ̊̊ה̇׃,,,,,,,,,,,,,,4
36,26ab,10,,אך,,,,,,,,,,,,,,4
36,26ab,11,,יש,,,,,,,,,,,,,,4
36,26ab,12,,אשה,,,,,,,,,,,,,,4
36,26ab,13,,יפה׃,,,,,,,,,,,,,,4
36,24,1,,חיך,,,,,,,,,,,,,,4
36,24,2,,בוחן,,,,,,,,,,,,,,5
36,24,3,,מטעמי,,,,,,,,,,,,,,5
36,24,4,,דבר,,,,,,,,,,,,,,5
36,24,5,,ולב,,,,,,,,,,,,,,5
36,24,6,,מבין,,,,,,,,,,,,,,5
36,24,7,,מטעמי,,,,,,,,,,,,,,5
36,24,8,,כזב׃,,,,,,,,,,,,,,5
36,24,9,,חך,,,,,,,,,,,,,,5
36,24,10,,בוחן,,,,,,,,,,,,,,5
36,24,11,,מטעמי,,,,,,,,,,,,,,6
36,24,12,,זבד̊,,,,,,,,,,,,,,6
36,24,13,,וחן,,,,,,,,,,,,,,6
36,24,14,,נבון,,,,,,,,,,,,,,6
36,24,15,,מטעמי,,,,,,,,,,,,,,6
36,24,16,,זבד,,,,,,,,,,,,,,6
36,25,1,,לב,,,,,,,,,,,,,,6
36,25,2,,עקוב,,,,,,,,,,,,,,6
36,25,3,,יתן,,,,,,,,,,,,,,7
36,25,4,,עצבת,,,,,,,,,,,,,,7
36,25,5,,ואיש,,,,,,,,,,,,,,7
36,25,6,,ותיק,,,,,,,,,,,,,,7
36,25,7,ישיבנו,ישיב֟נה,Morphological,Suffix Pron.,,,,,,,,,,,,7
36,25,8,,בו׃,,,,,,,,,,,,,,7
36,26cd,1,,כל,,,,,,,,,,,,,,7
36,26cd,2,,נכר,,,,,,,,,,,,,,7
36,26cd,3,,תאכל,,,,,,,,,,,,,,7
36,26cd,4,,חיה,,,,,,,,,,,,,,7
36,26cd,5,,אך,,,,,,,,,,,,,,7
36,26cd,6,,יש,,,,,,,,,,,,,,8
36,26cd,7,,מכה,,,,,,,,,,,,,,8
36,26cd,8,,ממכה,,,,,,,,,,,,,,8
36,26cd,9,,תנעם׃,,,,,,,,,,,,,,8
36,27,1,,תואר,,,,,,,,,,,,,,8
36,27,2,,אשה,,,,,,,,,,,,,,8
36,27,3,יהלל,והל֟יל,Morphological,Grammatical,,,,,,,,,,,,8
36,27,4,,פנים,,,,,,,,,,,,,,9
36,27,5,,ועל,,,,,,,,,,,,,,9
36,27,6,,כל,,,,,,,,,,,,,,9
36,27,7,,מחמד,,,,,,,,,,,,,,9
36,27,8,,עין,,,,,,,,,,,,,,9
36,27,9,,יגבר׃,,,,,,,,,,,,,,9
36,28,1,,ועד,,,,,,,,,,,,,,9
36,28,2,,אם,,,,,,,,,,,,,,10
36,28,3,,יש,,,,,,,,,,,,,,10
,,,ב̊̊ה̊̊,,Plus_Minus,,,,,,,,,,,,,10
36,28,4,,֟מרפא,,,,,,,,,,,,,,10
36,28,5,,לשון,,,,,,,,,,,,,,10
36,28,6,,אין,,,,,,,,,,,,,,10
36,28,7,,אִשָׁהּ,,,,,,,,,,,,,,10
36,28,8,,מבני,,,,,,,,,,,,,,10
36,28,9,,אדם׃,,,,,,,,,,,,,,11
36,29,1,קונה,קנ֟ה,Morphological,Orthographical,,,,,,,,,,,,11
36,29,1,קונה,קנ֟ה,Morphological,Grammatical,,,,,,,,,,,,11
36,29,2,,אשה,,,,,,,,,,,,,,11
36,29,3,,ראשית,,,,,,,,,,,,,,11
36,29,4,,קנין,,,,,,,,,,,,,,11
36,29,5,,עזר,,,,,,,,,,,,,,11
,,,עיר,,Plus_Minus,,,,,,,,,,,,,12
36,29,6,מבצר,֟ומבצר,Morphological,Coordination,,,,,,,,,,,,12
36,29,7,,ועמוד,,,,,,,,,,,,,,12
36,29,8,,משען׃,,,,,,,,,,,,,,12
36,30,1,,באין,,,,,,,,,,,,,,12
36,30,2,,גדיר,,,,,,,,,,,,,,12
36,30,3,,יבוער,,,,,,,,,,,,,,12
36,30,4,,כרם,,,,,,,,,,,,,,13
36,30,5,,ובאין,,,,,,,,,,,,,,13
36,30,6,,אשה,,,,,,,,,,,,,,13
36,30,7,,נע,,,,,,,,,,,,,,13
36,30,8,,ונד׃,,,,,,,,,,,,,,13
36,31,1,,מי,,,,,,,,,,,,,,13
36,31,2,,יאמין,,,,,,,,,,,,,,13
36,31,3,,בגדוד,,,,,,,,,,,,,,13
36,31,4,,צבא,,,,,,,,,,,,,,14
36,31,6,,המדלג,,,,,,,,,,,,,,14
36,31,7,,מעיר,,,,,,,,,,,,,,14
36,31,8,,אל,,,,,,,,,,,,,,14
36,31,9,,עיר׃,,,,,,,,,,,,,,14
36,31,10,,כן,,,,,,,,,,,,,,14
36,31,11,,איש,,,,,,,,,,,,,,15
36,31,12,,אשר,,,,,,,,,,,,,,15
,,,א̊̊ש̊̊ר,,Plus_Minus,,,,,,,,,,,,,15
36,31,13,אין,֟לא,Lexical,Synonym,,,,,,,,,,,,15
,,,לו,,Plus_Minus,,,,,,,,,,,,,15
36,31,14,,קן,,,,,,,,,,,,,,15
36,31,15,,המרגיע,,,,,,,,,,,,,,16
36,31,16,,באשר,,,,,,,,,,,,,,16
36,31,17,,יערב׃,,,,,,,,,,,,,,16
37,1/2,1,,֟כל,,,,,,,,,,,,,,16
37,1/2,2,,או̇מר,,,,,,,,,,,,,,16
37,1/2,3,,אמר,,,,,,,,,,,,,,16
37,1/2,4,,אהבתי,,,,,,,,,,,,,,16
37,1/2,5,,֟הלא,,,,,,,,,,,,,,16
37,1/2,6,,דין,,,,,,,,,,,,,,17
37,1/2,7,,מגיע,,,,,,,,,,,,,,17
37,1/2,8,,אל,,,,,,,,,,,,,,17
37,1/2,9,,מות,,,,,,,,,,,,,,17
37,1/2,10,,כל,,,,,,,,,,,,,,17
37,1/2,11,,אוהב,,,,,,,,,,,,,,17
37,1/2,12,,אומר,,,,,,,,,,,,,,17
37,1/2,13,,אהבתי,,,,,,,,,,,,,,17
37,1/2,14,,אך,,,,,,,,,,,,,,17
37,1/2,15,,יש,,,,,,,,,,,,,,18
37,1/2,16,,אוהב,,,,,,,,,,,,,,18
37,1/2,17,,שם,,,,,,,,,,,,,,18
37,1/2,18,,אוהב׃,,,,,,,,,,,,,,18
37,1/2,19,,הלא,,,,,,,,,,,,,,18
37,1/2,20,,דין,,,,,,,,,,,,,,18
37,1/2,21,,מגיע,,,,,,,,,,,,,,18
37,1/2,22,,על,,,,,,,,,,,,,,18
37,1/2,23,,מות,,,,,,,,,,,,,,18
37,1/2,24,,רע,,,,,,,,,,,,,,19
37,1/2,25,,כנפש,,,,,,,,,,,,,,19
37,1/2,26,,נהפך,,,,,,,,,,,,,,19
37,1/2,27,,לצר׃,,,,,,,,,,,,,,19
37,1/2,28,,רע,,,,,,,,,,,,,,1
37,1/2,29,,כ̇נפ̇ש̇ך̇,,,,,,,,,,,,,,1
37,1/2,30,,נהפך̇,,,,,,,,,,,,,,1
37,1/2,31,,לצ̇ר̇׃,,,,,,,,,,,,,,1
37,3,1,הוי,הי̇ו֟,Lexical,,,,,,,,,,,,,1
,,2,ריֵע,רע,Morphological,Orthographical,,,,,,,,,,,,1
,,3,יאמר,ש̇א֟̇מ̇ר,Morphological,Grammatical,,,,,,,,,,,,1
,,4,מ׳,מדוע,,,,,,,,,,,,,,1
,,5,,כן,,,,,,,,,,,,,,1
,,6,נוצרתי,נו֟צרתי,Same,,,,,,,,,,,,,1
,,7,,למלא,,,,,,,,,,,,,,1
,,8,,פ̇ני,,,,,,,,,,,,,,1
,,9,,תב̇ל,,,,,,,,,,,,,,1
,,10,,תרמית,,,,,,,,,,,,,,1
,4,1,מדּוּע,מר֟ע,Lexical,,,,,,,,,,,,,1
,,2,,אוהב,,,,,,,,,,,,,,1
,,3,,מביט,,,,,,,,,,,,,,2
,,4,על,אל,Lexical,Phonetic_affinity,,,,,,,,,,,,2
,,5,שחת,ש֟לחן,Lexical,,,,,,,,,,,,,2
,,6,,בעת,,,,,,,,,,,,,,2
,,7,,צוקה,,,,,,,,,,,,,,2
,,8,מנוב,מנ֟גד,Lexical,,,,,,,,,,,,,2
,,9,,יעמד,,,,,,,,,,,,,,2
,5,1,אוהב,>,Plus_Minus,,,,,,,,,,,,,2
,,2,טוב,>,Plus_Minus,,,,,,,,,,,,,3
,,3,נלחם,>,Plus_Minus,,,,,,,,,,,,,3
,,4,עם,>,Plus_Minus,,,,,,,,,,,,,3
,,5,זר,>,Plus_Minus,,,,,,,,,,,,,3
,,6,ונגד,>,Plus_Minus,,,,,,,,,,,,,3
,,7,ערים,>,Plus_Minus,,,,,,,,,,,,,3
,,8,יחזיק,>,Plus_Minus,,,,,,,,,,,,,3
,,9,צנה,>,Plus_Minus,,,,,,,,,,,,,3
,6,1,אל,א֟ל,,,,,,,,,,,,,,3
,,2,תכחש,תשכח,Lexical,,,,,,,,,,,,,4
,,3,חבר,חביר,Morphological,Orthographical,,,,,,,,,,,,4
,,4,בקרב,בק֟רב,Same,,,,,,,,,,,,,4
,,,,בק֟רב,Lexical,Metathesis,,,,,,,,,,,,4
,,5,,ואל,,,,,,,,,,,,,,4
,,6,,תעזבהו,,,,,,,,,,,,,,4
,,7,,ב̇שללך,,,,,,,,,,,,,,4
,7,1,,כל,,,,,,,,,,,,,,4
,,2,,יועץ,,,,,,,,,,,,,,4
,,3,אומר,יניף,Lexical,,,,,,,,,,,,,5
,,4,חוזה,יד,Lexical,,,,,,,,,,,,,5
,,5,,אך,,,,,,,,,,,,,,5
,,6,,יש,,,,,,,,,,,,,,
,,7,,יועץ,,,,,,,,,,,,,,5
,,8,,דרך,,,,,,,,,,,,,,5
,,9,עליו,אל,Lexical,Phonetic_affinity,Suffix Pron.,,,,,,,,,,,5
,,10,,לץ,,,,,,,,,,,,,,5
,8,1,מה,,,,,,,,,,,,,,,5
,,2,יועץ,מיו֟עץ,Morphological,Preposition,,,,,,,,,,,,5
,,3,,שמור,,,,,,,,,,,,,,6
,,4,,נפשך,,,,,,,,,,,,,,6
,,5,,ודע,,,,,,,,,,,,,,6
,,6,,לפנים,,,,,,,,,,,,,,6
,,7,,מה,,,,,,,,,,,,,,6
,,8,,צורכו,,,,,,,,,,,,,,6
,,9,,כ̊̊[י ],,,,,,,,,,,,,,
,,10,,ג̊̊ם̊̊,,,,,,,,,,,,,,6
,,11,,ה̊̊ו̊̊א̇,,,,,,,,,,,,,,6
,,12,נפשו,לנפ֟שו,Morphological,Preposition,,,,,,,,,,,,6
,,13,,יחש̇ב,,,,,,,,,,,,,,7
,,14,,למה,,,,,,,,,,,,,,7
,,15,,זה,,,,,,,,,,,,,,7
,,16,,אליו,,,,,,,,,,,,,,7
,,17,,יפול,,,,,,,,,,,,,,7
,9,1,, [ויאמר ],,,,,,,,,,,,,,7
,,2,,לך̇,,,,,,,,,,,,,,7
,,3,להביט,מ̇ט֟̇ו̇ב̇,Lexical,,,,,,,,,,,,,7
,,4,ראֹשֶך,רישך,Lexical,,,,,,,,,,,,,8
,,5,,ו̇ק̊̊ם̊̊,,,,,,,,,,,,,,8
,,6,,מ̊̊נ̊̊ג̊̊ד̊̊,,,,,,,,,,,,,,8
,,7,,להביט̇,,,,,,,,,,,,,,8
,,8,,רישך,,,,,,,,,,,,,,8
,11,1,,עם,,,,,,,,,,,,,,8
,,2,,אשה,,,,,,,,,,,,,,8
,,3,אל,ע֟ל,Lexical,Phonetic_affinity,,,,,,,,,,,,8
,,4,,צרתה,,,,,,,,,,,,,,9
,,5,ומלוכד,ומד֟ר,Lexical,,,,,,,,,,,,,9
,,6,על,אל,Lexical,Phonetic_affinity,,,,,,,,,,,,9
,,7,מלחמה,מלחמתו,Morphological,Suffix Pron.,,,,,,,,,,,,
,,8,,עם,,,,,,,,,,,,,,9
,,9,,סוחר,,,,,,,,,,,,,,
,,10,,אל,,,,,,,,,,,,,,9
,,11,,תתגר,,,,,,,,,,,,,,9
,,12,ומקונה,וממק֟נהא,Lexical,,,,,,,,,,,,,9
,,13,על,על,,,,,,,,,,,,,,9
,,14,ממכרו,ממכר,Morphological,Suffix Pron.,,,,,,,,,,,,10
,,15,,עם,,,,,,,,,,,,,,10
,,16,,,,,,,,,,,,,,,,10
,,17,,,,,,,,,,,,,,,,10
,,18,,,,,,,,,,,,,,,,10
,,19,,,,,,,,,,,,,,,,10
,,20,,,,,,,,,,,,,,,,10
,,21,,,,,,,,,,,,,,,,10
,,22,,,,,,,,,,,,,,,,10
,,23,,,,,,,,,,,,,,,,10
,,24,,איש,,,,,,,,,,,,,,10
,,25,,רע,,,,,,,,,,,,,,10
,,26,על,אל֟,Lexical,Phonetic_affinity,,,,,,,,,,,,10
,,27,גמילות,תגמל,Lexical,,,,,,,,,,,,,10
,,28,,חסד,,,,,,,,,,,,,,10
,,29,,ואכזרי,,,,,,,,,,,,,,10
,,30,,על,,,,,,,,,,,,,,10
,,31,,טוב,,,,,,,,,,,,,,10
,,32,,בשר,,,,,,,,,,,,,,10
,,33,,פועל,,,,,,,,,,,,,,10
,,34,שכ[יר],שוא,Unclassifiable,,,,,,,,,,,,,10
,,35,,על,,,,,,,,,,,,,,10
,,36,,מלאכתו,,,,,,,,,,,,,,10
,,37,,שומר,,,,,,,,,,,,,,10
,,38,,שוא,,,,,,,,,,,,,,10
,,39,,על,,,,,,,,,,,,,,10
,,40,,מוציא,,,,,,,,,,,,,,10
,,41,,רע̇,,,,,,,,,,,,,,10
,12,1,,אך,,,,,,,,,,,,,,10
,,2,,אם,,,,,,,,,,,,,,10
,,3,איש,יש֟,Lexical,,,,,,,,,,,,,10
,,4,,מפחד,,,,,,,,,,,,,,11
,,5,,תמיד,,,,,,,,,,,,,,11
,,6,,אשר֟,,,,,,,,,,,,,,11
,,7,,תדע,,,,,,,,,,,,,,11
,,8,,שומר,,,,,,,,,,,,,,11
,,9,מצותיו,מצוה,Morphological,Singular/Plural,Singular/Plural,,,,,,,,,,,11
,,10,,אשר,,,,,,,,,,,,,,11
,,11,,עם,,,,,,,,,,,,,,11
,,12,כבלבבו,לב֟בו,Morphological,Preposition,,,,,,,,,,,,11
,,13,,כלבבך,,,,,,,,,,,,,,11
,,14,,אם,,,,,,,,,,,,,,11
,,15,,תכשל,,,,,,,,,,,,,,12
,,16,י̇עכר,יגיע֟,Lexical,,,,,,,,,,,,,12
,,17,בך,אליך,Lexical,,,,,,,,,,,,,12
,13,1,,וגם,,,,,,,,,,,,,,12
,,2,,עצת,,,,,,,,,,,,,,12
,,3,לבבו,לבב,Lexical,Suffix Pron.,,,,,,,,,,,,12
,,4,כך,הבין,Lexical,,,,,,,,,,,,,12
,,5,כי,מי,Lexical,,,,,,,,,,,,,12
,,6,אם,יאמין,Lexical,,,,,,,,,,,,,12
,,7,,לך,,,,,,,,,,,,,,12
,,8,אמון,אמן,Morphological,Orthographical,,,,,,,,,,,,12
,,,אמון,אמן,Morphological,Grammatical,,,,,,,,,,,,12
,,9,ממנו,ממנו,Same,,,,,,,,,,,,,12
,14,1,,לב,,,,,,,,,,,,,,12
,,2,,אנוש,,,,,,,,,,,,,,12
,,3,מגיד,יג֟יד,Morphological,Grammatical,,,,,,,,,,,,12
,,4,,שעיותיו,,,,,,,,,,,,,,12
,,5,משבעים,משבעה֟,Morphological,Singular/Plural,,,,,,,,,,,,12
,,6,צפים,צופים,Morphological,Orthographical,,,,,,,,,,,,12
,,7,,על,,,,,,,,,,,,,,12
,,8,שן,מצ֟פה,Lexical,,,,,,,,,,,,,12
,15,1,,ועם,,,,,,,,,,,,,,12
,,2,,כ֟ל,,,,,,,,,,,,,,12
,,3,,אלה,,,,,,,,,,,,,,12
,,4,העתר,ע֟תר,Morphological,Determination,,,,,,,,,,,,12
,,5,,אל,,,,,,,,,,,,,,12
,,6,,אל,,,,,,,,,,,,,,12
,,7,,אשר,,,,,,,,,,,,,,12
,,8,,יכין,,,,,,,,,,,,,,12
,,9,,באמת,,,,,,,,,,,,,,12
,,10,,צעדיך,,,,,,,,,,,,,,12
,16,1,,ראש,,,,,,,,,,,,,,12
,,2,,כל,,,,,,,,,,,,,,12
,,3,,מעשה,,,,,,,,,,,,,,12
,,4,מאמר,דבר,Lexical,Synonym,,,,,,,,,,,,13
,,5,לפני,וראש,Lexical,Synonym,,,,,,,,,,,,13
,,6,,כל,,,,,,,,,,,,,,13
,,7,פועל,פועל,Same,,,,,,,,,,,,,13
,,8,,היא,,,,,,,,,,,,,,13
,,9,,מחשבת,,,,,,,,,,,,,,13
,17/18,1,עקר,עק֟רת,Morphological,,,,,,,,,,,,,13
,,2,,ת̇ח̇בו̇ל̇ות,,,,,,,,,,,,,,13
,,3,,לבב,,,,,,,,,,,,,,13
,,4,,ארבעה,,,,,,,,,,,,,,13
,,5,שרביטים,שב̇ט֟ים,Lexical,Synonym,,,,,,,,,,,,13
,,6,יפריח,יפר̇י̊̊ח̇ו̇,Morphological,Grammatical,,,,,,,,,,,,13
,,7,,טוב,,,,,,,,,,,,,,13
,,8,ורע,ורע֟ה,Morphological,,,,,,,,,,,,,13
,,9,,וחיים,,,,,,,,,,,,,,13
,,10,,ומות,,,,,,,,,,,,,,14
,,11,ומשלח,ומוש֟לת,Lexical,,,,,,,,,,,,,14
,,12,,בם,,,,,,,,,,,,,,14
,,13,,כליל,,,,,,,,,,,,,,14
,,14,,לשון,,,,,,,,,,,,,,14
,20,1,,ויש,,,,,,,,,,,,,,14
,,2,,חכם,,,,,,,,,,,,,,14
,,3,,בדברו,,,,,,,,,,,,,,14
,,4,,נמאס,,,,,,,,,,,,,,14
,,5,,ומכל,,,,,,,,,,,,,,14
,,6,,מאכל,,,,,,,,,,,,,,14
,,7,,תענוג,,,,,,,,,,,,,,14
,,8,,נבצר,,,,,,,,,,,,,,14
,25,1,,חיי,,,,,,,,,,,,,,14
,,2,,איש,,,,,,,,,,,,,,14
,,3,,מספר,,,,,,,,,,,,,,14
,,4,,ימים,,,,,,,,,,,,,,14
,,5,,וחיי,,,,,,,,,,,,,,14
,,6,,ע̇ם֟,,,,,,,,,,,,,,14
,,7,ישורון,ישראל,Lexical,Synonym,,,,,,,,,,,,14
,,8,,י̊̊מ̊̊י̊̊,,,,,,,,,,,,,,14
,,9,,א̊̊י̊̊ן̊̊,,,,,,,,,,,,,,15
,,10,,מ̊̊ס̊̊פ̊̊ר̊̊,,,,,,,,,,,,,,15
,,11,,,,,,,,,,,,,,,,15
,,12,,,,,,,,,,,,,,,,15
,,13,,,,,,,,,,,,,,,,15
,,14,,,,,,,,,,,,,,,,15
,,15,,,,,,,,,,,,,,,,15
,,16,,,,,,,,,,,,,,,,16
,,17,,,,,,,,,,,,,,,,16
,,18,,,,,,,,,,,,,,,,16
,,19,,,,,,,,,,,,,,,,16
,27,1,,בני,,,,,,,,,,,,,,16
,,2,בחמר,בחי֟יך,Lexical,,,,,,,,,,,,,16
,,3,,נס,,,,,,,,,,,,,,16
,,4,,נפשך,,,,,,,,,,,,,,16
,,5,,וראה,,,,,,,,,,,,,,16
,,6,,מה,,,,,,,,,,,,,,16
,,7,,רע,,,,,,,,,,,,,,16
,,8,,לה,,,,,,,,,,,,,,17
,,9,,אל,,,,,,,,,,,,,,17
,,10,,תתן,,,,,,,,,,,,,,17
,,11,,לה,,,,,,,,,,,,,,17
,28,1,כי,כי,Same,,,,,,,,,,,,,17
,,2,לא,לא,Same,,,,,,,,,,,,,17
,,3,,הכל,Plus_Minus,,,,,,,,,,,,,17
,,4,לכל,לכל,Same,,,,,,,,,,,,,17
,,5,טוב,טוב,Same,,,,,,,,,,,,,17
,,6,,לא,,,,,,,,,,,,,,18
,,7,,כל,,,,,,,,,,,,,,18
,,8,,נפש,,,,,,,,,,,,,,18
,,9,,כל,,,,,,,,,,,,,,18
,,10,,זן,,,,,,,,,,,,,,18
,,11,,תבחר,,,,,,,,,,,,,,18
,29,1,,אל,,,,,,,,,,,,,,18
,,2,תזר,תז֟רע,Lexical,,,,,,,,,,,,,1
,,,,תז֟רע,Lexical,Suffix Pron.,,,,,,,,,,,,1
,,3,,לכ֟ל,Lexical,,,,,,,,,,,,,1
,,,אל,לכ֟ל,Lexical,,,,,,,,,,,,,1
,,4,,תענ֟וג,Same,,,,,,,,,,,,,1
,,5,,ואל,Same,,,,,,,,,,,,,1
,,6,,תשפך,Lexical,,,,,,,,,,,,,1
,,7,,על,Lexical,Phonetic_affinity,,,,,,,,,,,,1
,,8,,כל,Plus_Minus,,,,,,,,,,,,,1
,,9,,מטעמים,Lexical,,,,,,,,,,,,,1
,30,1,,כי,,,,,,,,,,,,,,1
,,2,,ברוב,,,,,,,,,,,,,,2
,,3,אוכל,תענ֟וג,Lexical,,,,,,,,,,,,,2
,,4,ירון,יקנ֟ן,Lexical,,,,,,,,,,,,,2
,,5,,חולי,,,,,,,,,,,,,,2
,,6,והמזיע,והמר֟בה,Lexical,,,,,,,,,,,,,2
,,7,,יגיע,,,,,,,,,,,,,,2
,,8,,אל,,,,,,,,,,,,,,2
,,9,,זרא,,,,,,,,,,,,,,2
,31,1,,בלא,,,,,,,,,,,,,,2
,,2,,מוסר,,,,,,,,,,,,,,2
,,3,,רבים,,,,,,,,,,,,,,2
,,4,גועו,יגועו,Morphological,Grammatical,,,,,,,,,,,,2
,,5,,ו֟עועו,Lexical,,,,,,,,,,,,,3
,,6,ובהשמר,והנש֟מר,Morphological,Grammatical,,,,,,,,,,,,3
,,7,,יוסיף,,,,,,,,,,,,,,3
,,8,,חיים,,,,,,,,,,,,,,3
,,,,,,,,,,,,,,,,,,3
38,1,1,רעה,רע֟י,Morphological,Grammatical,,,,,,,,,,,,3
,,,,רע֟י,,,,,,,,,,,,,,3
,,2,,,Plus_Minus,,,,,,,,,,,,,3
,,3,,רופא,Same,,,,,,,,,,,,,3
,,4,,לפני,Lexical,,,,,,,,,,,,,3
,,5,,צר֟כו,Morphological,Suffix Pron.,,,,,,,,,,,,4
,,,,,Plus_Minus,,,,,,,,,,,,,4
,,6,,ג֟ם,Same,,,,,,,,,,,,,4
,,7,,אתו,Same,,,,,,,,,,,,,4
,,8,,חלק,Same,,,,,,,,,,,,,4
,,9,,אל,Same,,,,,,,,,,,,,4
39,27,1,,כל,,,,,,,,,,,,,,4
,,2,,א[לה ],,,,,,,,,,,,,,4
,,3,,ל̇ט̊̊ו̇ב̇ים,,,,,,,,,,,,,,4
,,4,,ייטיבו,,,,,,,,,,,,,,4
,,5,,כן,,,,,,,,,,,,,,4
,,6,,לרעים,,,,,,,,,,,,,,4
,,7,לזרא,לרע֟ה,Lexical,,,,,,,,,,,,,4
,,8,,נהפכו,,,,,,,,,,,,,,4
40,11,1,,כל,,,,,,,,,,,,,,4
,,2,,מארץ,,,,,,,,,,,,,,4
,,3,,אל,,,,,,,,,,,,,,4
,,4,,ארץ,,,,,,,,,,,,,,4
,,5,,ישוב,,,,,,,,,,,,,,5
,,6,,ואש֟ר,,,,,,,,,,,,,,5
,,7,,ממרום,,,,,,,,,,,,,,5
,,8,,אל,,,,,,,,,,,,,,5
,,9,,מרום,,,,,,,,,,,,,,5
,,10,,,,,,,,,,,,,,,,5
,13,1,חיל,מחול,Inversion,Orthographical,,,,,,,,,,,,5
,,2,,א֟ל,Plus_Minus,,,,,,,,,,,,,5
,,3,מחיל,ח֟ול,Inversion,Orthographical,,,,,,,,,,,,5
,,4,,כנחל,,,,,,,,,,,,,,5
,,5,,איתן,,,,,,,,,,,,,,6
,,6,וכאפיק,ומ֟אפיק,Morphological,Preposition,,,,,,,,,,,,6
,,7,,אדיר,,,,,,,,,,,,,,6
,,8,,בחזיז,,,,,,,,,,,,,,6
,,9,,קולות,,,,,,,,,,,,,,6
,14,1,,עם֟,Plus_Minus,,,,,,,,,,,,,6
,,2,עם,עם֟,Same,,,,,,,,,,,,,6
,,3,שאתו,שאתו,Same,,,,,,,,,,,,,6
,,4,,כפים,,,,,,,,,,,,,,6
,,5,,יגילו,,,,,,,,,,,,,,6
,,6,,כי,,,,,,,,,,,,,,6
,,7,,פתאם,,,,,,,,,,,,,,6
,,8,,לנצח,,,,,,,,,,,,,,6
,,9,,יתם,,,,,,,,,,,,,,6
,15,1,נצר,נוצר,Morphological,Orthographical,,,,,,,,,,,,7
,,2,חמס,מחמס,Morphological,Preposition,,,,,,,,,,,,7
,,3,לא,לא,Same,,,,,,,,,,,,,7
,,4,יכה,ינקה,Lexical,,,,,,,,,,,,,7
,,5,בו,,Plus_Minus,,,,,,,,,,,,,7
,,6,,כי,,,,,,,,,,,,,,7
,,7,ושורש,שורש,Morphological,Coordination,,,,,,,,,,,,7
,,8,חנף,חנף,Same,,,,,,,,,,,,,7
,,9,ען,על,Lexical,,,,,,,,,,,,,7
,,10,שן,שן,Same,,,,,,,,,,,,,7
,,11,צור,סלע,Lexical,Synonym,,,,,,,,,,,,7
,16,1,,כקרדמו̇ת,,,,,,,,,,,,,,7
,,2,,על,,,,,,,,,,,,,,7
,,3,,גפת,,,,,,,,,,,,,,7
,,4,,נ̊̊חל,,,,,,,,,,,,,,7
,,5,לפני,מפ֟ני,Morphological,Preposition,,,,,,,,,,,,7
,,6,,כל,,,,,,,,,,,,,,7
,,7,,מטר,,,,,,,,,,,,,,7
,,8,נדעכה,נדע֟כו,Lexical,,,,,,,,,,,,,8
,17,1,,וחסד,,,,,,,,,,,,,,8
,,2,,לעולם̊̊,,,,,,,,,,,,,,8
,,3,,לא,,,,,,,,,,,,,,8
,,4,,ימוט,,,,,,,,,,,,,,8
,,5,,וצדקה,,,,,,,,,,,,,,8
,,6,,לעד,,,,,,,,,,,,,,8
,,7,,תכון,,,,,,,,,,,,,,8
,18,1,,חיי,,,,,,,,,,,,,,8
,,2,יותר,יין,Lexical,,,,,,,,,,,,,8
,,3,שכל,ו֟שכר,Lexical,,,,,,,,,,,,,8
,,4,,ימתקו,,,,,,,,,,,,,,8
,,5,,ומשנ̇יהם,,,,,,,,,,,,,,8
,,6,,מוצא,,,,,,,,,,,,,,9
,,7,סימה,אוצ֟ר,Lexical,Synonym,,,,,,,,,,,,9
,19,1,,ילד,,,,,,,,,,,,,,9
,,2,,ועיר,,,,,,,,,,,,,,9
,,3,,יעמידו,,,,,,,,,,,,,,9
,,4,,שם,,,,,,,,,,,,,,9
,,5,,ומשניהם,,,,,,,,,,,,,,9
,,6,,מוצא,,,,,,,,,,,,,,9
,,7,,חכמה,,,,,,,,,,,,,,9
,,8,,שגר,,,,,,,,,,,,,,9
,,9,,ונטע,,,,,,,,,,,,,,10
,,10,,יפריחו,,,,,,,,,,,,,,10
,,11,,שם,,,,,,,,,,,,,,10
,,12,,ומשניהם,,,,,,,,,,,,,,10
,,13,,אשה,,,,,,,,,,,,,,10
,,14,,נחשקת,,,,,,,,,,,,,,10
,26,1,כל,חיל,,,,,,,,,,,,,,10
,,2,ימי,וכח,,,,,,,,,,,,,,10
,,3,עני,יגב̊̊[י]ה̊̊ו̊̊,,,,,,,,,,,,,,10
,,4,רעים,לב,,,,,,,,,,,,,,10
,,5,בן,ומשניהם,,,,,,,,,,,,,,10
,,6,סירא,[י]ר̇את,,,,,,,,,,,,,,10
,,7,אומ,אלהים,,,,,,,,,,,,,,10
,,8,א̇ף̇,אין,,,,,,,,,,,,,,10
,,9,ב̇ל̇י̇ל̇א̇,ביראת,,,,,,,,,,,,,,10
,,10,בשפל,ייי,,,,,,,,,,,,,,10
,,11,גגים,מחסור,,,,,,,,,,,,,,10
,,12,גגו,ואין,,,,,,,,,,,,,,10
,,13,במרום,לבקש,,,,,,,,,,,,,,10
,,14,הרים,עמה,,,,,,,,,,,,,,11
,,15,כרמו,מ̇ש̊̊ען,,,,,,,,,,,,,,11
,,16,ממטר,,,,,,,,,,,,,,,11
,,17,גגים,,,,,,,,,,,,,,,11
,,18,לגגו,,,,,,,,,,,,,,,11
,,19,מעפר,,,,,,,,,,,,,,,11
,,20,כרמו,,,,,,,,,,,,,,,12
,,21,לכרמים,,,,,,,,,,,,,,,12
,,22,מי,,,,,,,,,,,,,,,12
,,23,מאניד,,,,,,,,,,,,,,,12
,,24,כו,,,,,,,,,,,,,,,12
,,25,אין,,,,,,,,,,,,,,,12
,,26,פו,,,,,,,,,,,,,,,12
,,27,בינוסכתי,,,,,,,,,,,,,,,12
,,28,אצל,,,,,,,,,,,,,,,12
,,29,בוד,,,,,,,,,,,,,,,12
,,30,אילא,,,,,,,,,,,,,,,12
,,31,פא,,,,,,,,,,,,,,,12
,,32,קול,,,,,,,,,,,,,,,12
,,33,מ̇י̇,,,,,,,,,,,,,,,13
,,34,גופ̇ת֯,,,,,,,,,,,,,,,13
,27,1,,יראת,,,,,,,,,,,,,,13
,,2,,אלהים,,,,,,,,,,,,,,13
,,3,,כעדן,,,,,,,,,,,,,,13
,,4,,ברכה,,,,,,,,,,,,,,13
,,5,כ֯י֯,וכן,Lexical,,,,,,,,,,,,,13
,,6,,כל,,,,,,,,,,,,,,13
,,7,,כבוד,,,,,,,,,,,,,,13
,,8,,חפתה,,,,,,,,,,,,,,14
,28,1,בני,מ֟ני,Lexical,,,,,,,,,,,,,14
,,2,,חיי,,,,,,,,,,,,,,14
,,3,,מתן,,,,,,,,,,,,,,14
,,4,,אל,,,,,,,,,,,,,,14
,,5,,תחי,,,,,,,,,,,,,,14
,,6,,טוב,,,,,,,,,,,,,,14
,,7,,נאסף,,,,,,,,,,,,,,14
,,8,,ממסתולל,,,,,,,,,,,,,,15
,29,1,,איש,,,,,,,,,,,,,,15
,,2,,משגיח,,,,,,,,,,,,,,15
,,3,,על,,,,,,,,,,,,,,15
,,4,,שלחן,,,,,,,,,,,,,,15
,,5,,זר,,,,,,,,,,,,,,15
,,6,,אין,,,,,,,,,,,,,,15
,,7,,חייו,,,,,,,,,,,,,,15
,,8,,למנות,,,,,,,,,,,,,,15
,,9,,חיים,,,,,,,,,,,,,,15
,,10,,מעגל,Same,,,,,,,,,,,,,15
,,11,,נ֟פש,Morphological,Suffix Pron.,,,,,,,,,,,,15
,,12,,מטעמו֟,Morphological,Singular/Plural,,,,,,,,,,,,15
,,,,,Plus_Minus,,,,,,,,,,,,,15
,,13,,לאיש,,,,,,,,,,,,,,15
,,14,,יודע,,,,,,,,,,,,,,16
,,15,יסור,סוד,,,,,,,,,,,,,,16
,,16,מזעים,מעים,,,,,,,,,,,,,,16
,30,1,,לאיש,,,,,,,,,,,,,,16
,,2,,עוז,Morphological,Orthographical,,,,,,,,,,,,16
,,3,,נ֟פש,Morphological,Singular/Plural,,,,,,,,,,,,16
,,4,,ת֟מתיק,Morphological,,,,,,,,,,,,,16
,,5,,שאלה,,,,,,,,,,,,,,16
,,6,,בקרבו,,,,,,,,,,,,,,16
,,7,כאש,תבער,Lexical,,,,,,,,,,,,,16
,,8,בוערת,כמו,Lexical,,,,,,,,,,,,,16
,,9,,אש,Plus_Minus,,,,,,,,,,,,,16
,,,כאש,כמו אש,Morphological,Preposition,,,,,,,,,,,,17
,,,בוערת,תבער,Morphological,Grammatical,,,,,,,,,,,,17
41,1,1,הוי,חי֟ים,Lexical,,,,,,,,,,,,,17
,,2,,למות,,,,,,,,,,,,,,17
,,3,,מה,,,,,,,,,,,,,,17
,,4,,מ̇ר,,,,,,,,,,,,,,17
,,5,,יב̇רך,,,,,,,,,,,,,,17
,,6,,לאיש,,,,,,,,,,,,,,17
,,7,,שוקט̊̊,,,,,,,,,,,,,,18
,,8,,על,,,,,,,,,,,,,,18
,,9,,מכונתו,,,,,,,,,,,,,,18
,,10,,איש,,,,,,,,,,,,,,18
,,11,,שליו,,,,,,,,,,,,,,18
,,12,,ומצ̇ליח,,,,,,,,,,,,,,18
,,13,,בכל,,,,,,,,,,,,,,18
,,14,,ועוד,,,,,,,,,,,,,,18
,,15,,בו̇,,,,,,,,,,,,,,18
,,16,,ח̇יל,,,,,,,,,,,,,,1
,,17,,לקבל,,,,,,,,,,,,,,1
,,18,,תענוג,,,,,,,,,,,,,,1
,2,1,,האח,,,,,,,,,,,,,,1
,,2,,למות,,,,,,,,,,,,,,1
,,3,,כי,,,,,,,,,,,,,,1
,,4,,טוב,,,,,,,,,,,,,,1
,,5,חוק,ח֟ק֟י֟ך,Lexical,Synonym,,,,,,,,,,,,1
,,,חזק,ח֟ק֟י֟ך,Lexical,,,,,,,,,,,,,1
,,,חוקו,ח֟ק֟י֟ך,Lexical,Synonym,Suffix Pron.,,,,,,,,,,,1
,,,,,,,,,,,,,,,,,,1
,,6,,לאיש,,,,,,,,,,,,,,1
,,7,,אונים,,,,,,,,,,,,,,2
,,8,,וחסר,,,,,,,,,,,,,,2
,,9,,עצמה,,,,,,,,,,,,,,2
,,10,,איש,,,,,,,,,,,,,,2
,,11,,כושל,,,,,,,,,,,,,,2
,,12,,,,,,,,,,,,,,,,2
,,13,,ינק֟ש,Morphological,Grammatical,Coordination,,,,,,,,,,,2
,,14,,בכל,,,,,,,,,,,,,,2
,,15,,סרב,,,,,,,,,,,,,,2
,,16,,,,,,,,,,,,,,,,2
,,17,,ואבד,,,,,,,,,,,,,,2
,,18,,תקוה,,,,,,,,,,,,,,2
,,,,איש,Same,,,,,,,,,,,,,2
,,,,כושל,Lexical,,,,,,,,,,,,,2
,,,,,,,,,,,,,,,,,,2
,,,,ינק֟ש,Lexical,Coordination,,,,,,,,,,,,2
,,,,בכל,Same,,,,,,,,,,,,,2
,,,,סרב,Lexical,,,,,,,,,,,,,2
,,,,,Plus_Minus,,,,,,,,,,,,,3
,,,,ואבד,Same,,,,,,,,,,,,,3
,,,,תקוה,Same,,,,,,,,,,,,,3
,,,איש,איש,Same,,,,,,,,,,,,,3
,,,כושל,כושל,Same,,,,,,,,,,,,,3
,,,,,,,,,,,,,,,,,,3
,,,ונוקש,ינק֟ש,Morphological,Grammatical,,,,,,,,,,,,3
,,,בכל,בכל,Same,,,,,,,,,,,,,3
,,,אפס,סרב,Lexical,,,,,,,,,,,,,3
,,,המראה,,Plus_Minus,,,,,,,,,,,,,3
,,,ואבד,ואבד,Same,,,,,,,,,,,,,3
,,,תקוה,תקוה,Same,,,,,,,,,,,,,3
,3,1,,אל,,,,,,,,,,,,,,3
,,2,,תפחד,,,,,,,,,,,,,,3
,,3,,ממות,,,,,,,,,,,,,,3
,,4,,חוקיך,,,,,,,,,,,,,,3
,,5,,זכ̊̊ו̇ר,,,,,,,,,,,,,,3
,,6,,כי,,,,,,,,,,,,,,3
,,7,,ראשנים,,,,,,,,,,,,,,3
,,8,,ואחרנים,,,,,,,,,,,,,,4
,,9,,עמך,,,,,,,,,,,,,,4
,4,1,,זה,,,,,,,,,,,,,,4
,,2,,חלק,,,,,,,,,,,,,,4
,,3,,כל,,,,,,,,,,,,,,4
,,4,,בשר,,,,,,,,,,,,,,4
,,5,,מאל,,,,,,,,,,,,,,4
,,6,,ומה,,,,,,,,,,,,,,4
,,7,,תמאס,,,,,,,,,,,,,,4
,,8,,בתורת,,,,,,,,,,,,,,4
,,9,,עליו̊̊[ן],,,,,,,,,,,,,,4
,,10,,לאלף,,,,,,,,,,,,,,4
,,11,,שנים,,,,,,,,,,,,,,5
,,12,,מאה,,,,,,,,,,,,,,5
,,13,,ועשר,,,,,,,,,,,,,,5
,,14,,אי֟ש,Lexical,,,,,,,,,,,,,5
,,15,,תוכחות,,,,,,,,,,,,,,5
,,16,,בשא̊̊[ו]ל̇,,,,,,,,,,,,,,5
,,17,,חיים,,,,,,,,,,,,,,5
,5,1,,,,,,,,,,,,,,,,5
,,2,כי ,נין֟,Lexical,,,,,,,,,,,,,5
,,3,נמאס,נמאס,Same,,,,,,,,,,,,,6
,,,,נין֟,Lexical,,,,,,,,,,,,,6
,,,,נמאס,Same,,,,,,,,,,,,,7
,,4,,דבר֟,Lexical,,,,,,,,,,,,,7
,,5,,ערים,Same,,,,,,,,,,,,,7
,,6,,רעים,Lexical,Synonym,,,,,,,,,,,,7
,,7,,ונכד,,,,,,,,,,,,,,7
,,8,,אויל,,,,,,,,,,,,,,7
,,9,,ב̊̊מ̇ג̇ו̇[ר,,,,,,,,,,,,,,7
,,10,,רש]ע,,,,,,,,,,,,,,7
,6,1,מבין,מבן֟,Morphological,Grammatical,,,,,,,,,,,,7
,,2,ערל,עול,Lexical,,,,,,,,,,,,,7
,,3,,,,,,,,,,,,,,,,8
,,4,,ממשלת,,,,,,,,,,,,,,8
,,5,,רע,,,,,,,,,,,,,,8
,,6,,ע̊̊ם̊̊̊̊,,,,,,,,,,,,,,8
,,7,,זרע̇[ו,,,,,,,,,,,,,,8
,,8,,ת]מ̊̊י̊̊ד̊̊,,,,,,,,,,,,,,8
,,9,,[ חרפ]ה̇,,,,,,,,,,,,,,8
,7,1,,אב,,,,,,,,,,,,,,8
,,2,,רשע,,,,,,,,,,,,,,8
,,3,,יקוב̇,,,,,,,,,,,,,,8
,,4,,י̊̊לד,,,,,,,,,,,,,,8
,,5,,כ̇י̊̊,,,,,,,,,,,,,,8
,,6,,ב̊̊ג̊̊ללו̊̊,,,,,,,,,,,,,,8
,,7,,,,,,,,,,,,,,,,8
,,8,,[ ]ן̊̊,,,,,,,,,,,,,,8
,8,1,,א̊̊ו̊̊י̊̊,,,,,,,,,,,,,,8
,,2,,לכ̊̊ם̊̊,,,,,,,,,,,,,,8
,,3,,]◦,,,,,,,,,,,,,,8
,,4,,◦ [,,,,,,,,,,,,,,8
,,5,,,,,,,,,,,,,,,,9
,,6,,],,,,,,,,,,,,,,9
,,7,,ע]ל̊̊יון,,,,,,,,,,,,,,9
,,8,,,,,,,,,,,,,,,,9
,,9,,,,,,,,,,,,,,,,9
,9,1,,אם,,,,,,,,,,,,,,9
,,2,,ת̇פ̊̊ר̊̊ח̊̊ו̇,Lexical,Synonym,,,,,,,,,,,,9
,,3,,[ע]ל̇,,,,,,,,,,,,,,9
,,4,,ידי,,,,,,,,,,,,,,9
,,5,,אסון,,,,,,,,,,,,,,9
,,6,,א̊̊ם̊̊,,,,,,,,,,,,,,9
,,7,מולידו,ת̊̊ולידו,,,,,,,,,,,,,,10
,,8,אסון,>,,,,,,,,,,,,,,10
,,9,יד,>,,,,,,,,,,,,,,10
,,10,על,>,,,,,,,,,,,,,,10
,,11,תפרו,>,,,,,,,,,,,,,,10
,,12,אם,>,,,,,,,,,,,,,,10
,,13,ואם,>,,,,,,,,,,,,,,10
,,14,מולידו,>,,,,,,,,,,,,,,10
,,15,לאהחה,>,,,,,,,,,,,,,,10
,,16,,לאנחה,,,,,,,,,,,,,,10
,,17,,א̇ם,,,,,,,,,,,,,,11
,,18,,תכשלו,,,,,,,,,,,,,,11
,,19,,לשמחת,,,,,,,,,,,,,,11
,,20,,עולם,,,,,,,,,,,,,,11
,,21,,אם,,,,,,,,,,,,,,11
,,22,,תמותו,,,,,,,,,,,,,,11
,,23,לקללתה,לק̊̊ללה,Morphological,,,,,,,,,,,,,11
,10,1,כל,כל,Same,,,,,,,,,,,,,11
,,2,מאונם,מא֟פס,Lexical,,,,,,,,,,,,,11
,,3,א',אל,Same,,,,,,,,,,,,,11
,,4,אונם,אפ֟ס,Lexical,,,,,,,,,,,,,12
,,,,כל,Same,,,,,,,,,,,,,12
,,,,מא֟פס,Lexical,,,,,,,,,,,,,12
,,,,אל,Same,,,,,,,,,,,,,12
,,,,אפ֟ס,Lexical,,,,,,,,,,,,,12
,,5,,ישוב,,,,,,,,,,,,,,12
,,6,בן,כ֟ן,Lexical,Letter interchange,,,,,,,,,,,,13
,,7,,חנף,,,,,,,,,,,,,,13
,,8,,מתהו,,,,,,,,,,,,,,13
,,9,,אל,,,,,,,,,,,,,,13
,,10,,תהו,,,,,,,,,,,,,,13
,11,1,,הבל,,,,,,,,,,,,,,13
,,2,,אדם,,,,,,,,,,,,,,13
,,3,,בגויתו,,,,,,,,,,,,,,13
,,4,,אך,,,,,,,,,,,,,,13
,,5,,שם,,,,,,,,,,,,,,13
,,6,,חסד,,,,,,,,,,,,,,14
,,7,,לא,,,,,,,,,,,,,,14
,,8,,יכרת,,,,,,,,,,,,,,14
,12,1,,פחד,,,,,,,,,,,,,,14
,,2,,על,,,,,,,,,,,,,,14
,,3,,שם,,,,,,,,,,,,,,14
,,4,,כי,,,,,,,,,,,,,,14
,,5,,הוא,,,,,,,,,,,,,,14
,,6,,ילוך,,,,,,,,,,,,,,14
,,7,,מאלפי,,,,,,,,,,,,,,14
,,8,סומות,אוצ֟רות,Lexical,Synonym,,,,,,,,,,,,14
,,9,חמדה,חכ֟מה,Lexical,,,,,,,,,,,,,14
,13,1,טוב,טו֟בת,Morphological,,,,,,,,,,,,,15
,,2,חי,חי,Same,,,,,,,,,,,,,15
,,3,מספר,ימי,Inversion,,,,,,,,,,,,,15
,,4,ימים,מספר,Inversion,,,,,,,,,,,,,15
,,5,וטוב,וטו֟בת,Morphological,,,,,,,,,,,,,15
,,6,,שם,,,,,,,,,,,,,,15
,,7,,ימי,,,,,,,,,,,,,,15
,,8,,אין,,,,,,,,,,,,,,15
,,9,,מספר,,,,,,,,,,,,,,15
,14a/16a,1,,מוסר,,,,,,,,,,,,,,15
,,2,,בשת,,,,,,,,,,,,,,15
,,3,,שמעו,,,,,,,,,,,,,,15
,,4,,בנים,,,,,,,,,,,,,,16
,,5,,והכלמו,,,,,,,,,,,,,,16
,,6,,על,,,,,,,,,,,,,,16
,,7,משפטו,משפט֟י,Morphological,Suffix Pron.,,,,,,,,,,,,16
,17,1,,בוש,,,,,,,,,,,,,,16
,,2,,מאב,,,,,,,,,,,,,,16
,,3,,ואם,,,,,,,,,,,,,,16
,,4,על,אל,Lexical,Phonetic_affinity,,,,,,,,,,,,16
,,5,פחז,זנות,Lexical,Synonym,,,,,,,,,,,,16
,,6,,מנשיא,,,,,,,,,,,,,,16
,,7,,יושב֟,,,,,,,,,,,,,,16
,,8,,אל,,,,,,,,,,,,,,16
,,9,,כחש,,,,,,,,,,,,,,16
,18,1,,מאדון,,,,,,,,,,,,,,17
,,2,,וגברת,,,,,,,,,,,,,,17
,,3,,על,,,,,,,,,,,,,,17
,,4,,שקר,,,,,,,,,,,,,,17
,,5,,מעדה,,,,,,,,,,,,,,17
,,6,,ועם,,,,,,,,,,,,,,17
,,7,,על,,,,,,,,,,,,,,17
,,8,,פשע,,,,,,,,,,,,,,17
,18c/19a,1,משותף,מ̊̊ח̊̊ב֟֟̇ר̇,Lexical,,,,,,,,,,,,,17
,,2,,ורע,,,,,,,,,,,,,,17
,,3,,על,,,,,,,,,,,,,,17
,,4,,מעל,,,,,,,,,,,,,,17
,,5,,וממקום,Morphological,Coordination,,,,,,,,,,,,17
,,6,ונגיר,תגור֟,Lexical,,,,,,,,,,,,,18
,,7,על,על,Same,,,,,,,,,,,,,18
,,8,יד,ז֟ר,Lexical,,,,,,,,,,,,,18
,19bc,1,,מ̊̊[ה]פ̊̊ר̊̊,,,,,,,,,,,,,,18
,,2,,א̊̊לה,,,,,,,,,,,,,,18
,,3,,וברית,,,,,,,,,,,,,,18
,,4,,ממטה,,,,,,,,,,,,,,18
,,5,,אציל,,,,,,,,,,,,,,18
,,6,,אל,,,,,,,,,,,,,,18
,,7,,לחם,,,,,,,,,,,,,,18
,19d/21a,1,,מ̊̊מ̊̊[נ]ע̊̊,,,,,,,,,,,,,,18
,,2,,מ̊̊ת̊̊ת̊̊,,,,,,,,,,,,,,18
,,3,,שאלה,,,,,,,,,,,,,,18
,,4,,,Plus_Minus,,,,,,,,,,,,,18
,,5,,מהשב֟,Morphological,Preposition,,,,,,,,,,,,18
,,6,,,,,,,,,,,,,,,,1
,,7,,אפי,Morphological,Orthographical,,,,,,,,,,,,1
,,8,,רעך,Morphological,Orthographical,,,,,,,,,,,,1
,21b/20a,1,,מהש◦[],,,,,,,,,,,,,,1
,,2,,מ̊̊ח̊̊לקו̇ת,Same,,,,,,,,,,,,,1
,,3,,מנה,,,,,,,,,,,,,,1
,,4,משואל,מ̊̊ש֟̊̊א̊̊ו̇ל,Morphological,Grammatical,,,,,,,,,,,,1
,,5,,שלום,,,,,,,,,,,,,,1
,,,,מ̊̊ש֟̊̊א̊̊ו̇ל,Same,,,,,,,,,,,,,1
,,,,שלום,Same,,,,,,,,,,,,,1
,,6,,מהח̇ריש,Lexical,Metathesis,,,,,,,,,,,,1
,21c/20b or 22ab,1,,מהביט,,,,,,,,,,,,,,1
,,2,,א[],,,,,,,,,,,,,,1
,,3,,◦◦◦◦֟◦,,,,,,,,,,,,,,1
,,4,,ומהת̊̊ק̇מ̊̊ם̊̊,,,,,,,,,,,,,,1
,,5,,ע̊̊ל̇,,,,,,,,,,,,,,1
,,6,ז]רה,ש̊̊פ̊̊ח֟̊̊ת̊̊ך̊̊,Unclassifiable,,,,,,,,,,,,,1
,22cd,1,,מאוהב,,,,,,,,,,,,,,1
,,2,,על,,,,,,,,,,,,,,1
,,3,דבִר,ד̊̊ב̊̊רי,Morphological,Singular/Plural,,,,,,,,,,,,1
,,4,חסד,חרפה,Lexical,Anthonym,,,,,,,,,,,,1
,,5,,ומאחרי,,,,,,,,,,,,,,1
,,6,שא֗לה֗,מת̇ת̇,Lexical,,,,,,,,,,,,,2
,,7,,א̇ל̇,,,,,,,,,,,,,,2
,,8,,ת̇נ̇אץ,,,,,,,,,,,,,,2
42,1,1,,משנות,,,,,,,,,,,,,,2
,,2,,דבר,,,,,,,,,,,,,,2
,,3,,תשמע,,,,,,,,,,,,,,2
,,4,,ומחסוף,,,,,,,,,,,,,,2
,,5,על,כל,Lexical,,,,,,,,,,,,,3
,,6,סוד,ס֟וד,Same,,,,,,,,,,,,,3
,,7,,עצה,,,,,,,,,,,,,,3
,,8,,והיית,,,,,,,,,,,,,,3
,,9,,בוש,,,,,,,,,,,,,,3
,,10,,באמת,,,,,,,,,,,,,,3
,,11,,ומצא,,,,,,,,,,,,,,3
,,12,,חן,,,,,,,,,,,,,,3
,,13,,בעיני,,,,,,,,,,,,,,3
,,14,,כל,,,,,,,,,,,,,,3
,,15,,חי,,,,,,,,,,,,,,3
,,16,,אך,,,,,,,,,,,,,,4
,,17,אל,ע֟ל,Lexical,Phonetic_affinity,,,,,,,,,,,,4
,,18,,אלה,,,,,,,,,,,,,,4
,,19,,אל,,,,,,,,,,,,,,4
,,20,,תבוש,,,,,,,,,,,,,,4
,,21,,ואל,,,,,,,,,,,,,,4
,,22,,תשא,,,,,,,,,,,,,,4
,,23,,פנים,,,,,,,,,,,,,,4
,,24,,וחטא,,,,,,,,,,,,,,4
,2,1,אל,ע̊̊ל̊̊,Lexical,Phonetic_affinity,,,,,,,,,,,,5
,,2,,ת̊̊ו̊̊ר̊̊ת,,,,,,,,,,,,,,5
,,3,,עליון,,,,,,,,,,,,,,5
,,4,,וחוק,,,,,,,,,,,,,,5
,,5,,ועל,,,,,,,,,,,,,,5
,,6,משפט,מצ֟דיק,Lexical,Synonym,,,,,,,,,,,,5
,,7,,להצדיק,,,,,,,,,,,,,,5
,,8,,רשע,,,,,,,,,,,,,,5
,3,1,,על,,,,,,,,,,,,,,5
,,2,,חשבון,,,,,,,,,,,,,,5
,,3,,ב̶,,,,,,,,,,,,,,5
,,4,שותף,חו֟בר,Lexical,,,,,,,,,,,,,5
,,5,,ואדון,,,,,,,,,,,,,,5
,,6,וא֔רח,וא֔רח,Same,,,,,,,,,,,,,5
,,7,,ועל,,,,,,,,,,,,,,5
,,8,,מחלקות,,,,,,,,,,,,,,6
,,9,,נחלה,,,,,,,,,,,,,,6
,,10,וישר,ויש֟,,,,,,,,,,,,,,6
,4ab,1,,ועל,,,,,,,,,,,,,,6
,,2,,שחק,,,,,,,,,,,,,,6
,,3,,מאז̇̇נים,,,,,,,,,,,,,,6
,,4,,ופלס,,,,,,,,,,,,,,6
,,5,,ועל,,,,,,,,,,,,,,6
,,6,תמורת,תמהות֟,Lexical,,,,,,,,,,,,,7
,,7,אפה,איפה,Morphological,Orthographical,,,,,,,,,,,,7
,,8,ואפה,ואבן,Lexical,,,,,,,,,,,,,7
,4c/5a,1,,על,,,,,,,,,,,,,,7
,,2,חשבון,מק֟נה,Lexical,Synonym,,,,,,,,,,,,7
,,3,,בין,,,,,,,,,,,,,,7
,,4,,רב,,,,,,,,,,,,,,7
,,5,,למעט,,,,,,,,,,,,,,8
,,6,,ועל,,,,,,,,,,,,,,8
,,7,מוסר,ממ֟ח̇יר̇,Lexical,,,,,,,,,,,,,8
,,8,,מ̊̊מכר,,,,,,,,,,,,,,8
,,9,,תגר,,,,,,,,,,,,,,8
,,10,,>,,,,,,,,,,,,,,8
,,11,,>,,,,,,,,,,,,,,8
,,12,,>,,,,,,,,,,,,,,8
,,13,,>,,,,,,,,,,,,,,8
,,14,,>,,,,,,,,,,,,,,8
,6,1,,על,,,,,,,,,,,,,,9
,,2,,אשה,,,,,,,,,,,,,,9
,,3,טפשה,רע֟ה,,,,,,,,,,,,,,9
,,4,חותם,חותם,Same,,,,,,,,,,,,,9
,,5,,חכם,,,,,,,,,,,,,,9
,,6,,ומקום,,,,,,,,,,,,,,9
,,7,,ידים,,,,,,,,,,,,,,9
,,8,,רפות,,,,,,,,,,,,,,9
,,9,,תפתח,,,,,,,,,,,,,,9
,,,,,,,,,,,,,,,,,,9
,,,,,,,,,,,,,,,,,,9
,,,,,,,,,,,,,,,,,,10
,,,,,,,,,,,,,,,,,,10
,,,,,,,,,,,,,,,,,,10
,,,,,,,,,,,,,,,,,,10
,,,,,,,,,,,,,,,,,,10
,,,,,,,,,,,,,,,,,,10
,,,,,,,,,,,,,,,,,,10
,7,1,,על,,,,,,,,,,,,,,10
,,2,,מקום,,,,,,,,,,,,,,10
,,3,מ̇פ֯קד,תפק֟ד֟,Morphological,Grammatical,,,,,,,,,,,,11
,,4,יד,יד֟,Same,,,,,,,,,,,,,11
,,5,תחשוב,תספור,Lexical,Synonym,,,,,,,,,,,,11
,,6,ושואה,ומתת,Lexical,,,,,,,,,,,,,11
,,7,ותתה,ו֟לקח,Lexical,,,,,,,,,,,,,11
,,8,,הכל,,,,,,,,,,,,,,11
,,9,,בכתב,,,,,,,,,,,,,,11
,8,1,,על,,,,,,,,,,,,,,11
,,2,מרדות,מ̇ו̊̊ס֟ר,Lexical,,,,,,,,,,,,,11
,,3,,פותה,,,,,,,,,,,,,,11
,,4,,וכסיל,,,,,,,,,,,,,,12
,,5,ושב,ושב,Same,,,,,,,,,,,,,12
,,6,כושל,ו֟ישיש,Lexical,,,,,,,,,,,,,12
,,7,ועונה,ונוטל,Lexical,,,,,,,,,,,,,12
,,8,,(ושואַל),,,,,,,,,,,,,,12
,,9,,ע֟צה֟,,,,,,,,,,,,,,12
,,10,,בזנות,,,,,,,,,,,,,,12
,,11,,והיית,,,,,,,,,,,,,,13
,,12,,זהיר,,,,,,,,,,,,,,13
,,13,,באמת,,,,,,,,,,,,,,13
,,14,,ואי̊̊ש,,,,,,,,,,,,,,13
,,15,,צנוע,,,,,,,,,,,,,,13
,,16,,לפני,,,,,,,,,,,,,,13
,,17,,כל,,,,,,,,,,,,,,14
,,18,,חי,,,,,,,,,,,,,,14
,9,1,,בת,,,,,,,,,,,,,,14
,,2,,לאב,,,,,,,,,,,,,,14
,,3,מטמון,מטמנת,Morphological,Orthographical,,,,,,,,,,,,14
,,4,,שקר,,,,,,,,,,,,,,14
,,5,,דא֟גה,Morphological,Suffix Pron.,,,,,,,,,,,,14
,,6,,תפר̇יש̇,,,,,,,,,,,,,,14
,,7,,נ̊̊[ו]ם̊̊,,,,,,,,,,,,,,15
,,8,,בנעוריה,,,,,,,,,,,,,,15
,,9,,פן,,,,,,,,,,,,,,15
,,10,,תגורי̶,,,,,,,,,,,,,,15
,,11,,ובבתוליה,,,,,,,,,,,,,,15
,,12,,פן,,,,,,,,,,,,,,15
,,13,,ת̊̊פ̊̊ת̊̊[ה],,,,,,,,,,,,,,15
,10,1,,בבתוליה,,,,,,,,,,,,,,16
,,2,,פן,,,,,,,,,,,,,,16
,,3,,תפ֟ותה,Morphological,Grammatical,,,,,,,,,,,,16
,,4,,ובבי̇ת̇,Morphological,Coordination,,,,,,,,,,,,16
,,5,,ב̊̊ע̊̊לה̊̊,Same,,,,,,,,,,,,,16
,,6,,לא̊̊,Same,,,,,,,,,,,,,16
,,7,,ת̊̊נ̊̊ש̊̊ה̇,Same,,,,,,,,,,,,,16
,,8,,בבית,Same,,,,,,,,,,,,,16
,,9,,אביה,,,,,,,,,,,,,,16
,,10,,פן֟,,,,,,,,,,,,,,16
,,11,פחזה,ת̊̊ז̊̊נ̊̊ה,,,,,,,,,,,,,,16
,,12,,ובבית,,,,,,,,,,,,,,17
,,13,,אי̊̊ש̊̊ה̊̊,,,,,,,,,,,,,,17
,,14,,פ̊̊ן̊̊[,,,,,,,,,,,,,,17
,,15,,תע]צ̊̊ר,,,,,,,,,,,,,,17
,11,1,בני,ב̊̊נ̊̊י̊̊,Same,,,,,,,,,,,,,17
,,2,ע',ע̊̊ל,,,,,,,,,,,,,,17
,,3,,[ ]◦,Unclassifiable,,,,,,,,,,,,,17
,,4,ב',ל[ ]ך̊̊,Unclassifiable,,,,,,,,,,,,,18
,,5,החזק,ח̊̊ז̇ק̇,Morphological,Determination,,,,,,,,,,,,18
,,6,משמר,מ̊̊ו̊̊ס̊̊ר,,,,,,,,,,,,,,18
,,7,פ' תע',פ̊̊[ן תעשה,,,,,,,,,,,,,,18
,,8,,ל]ך̊̊,,,,,,,,,,,,,,18
,,9,ש',שם,,,,,,,,,,,,,,18
,,10,ס',סר֟ה,,,,,,,,,,,,,,18
,,,,סר֟ה,Lexical,,,,,,,,,,,,,18
,,11,דבת,דבת,,,,,,,,,,,,,,18
,,12,ע',עיר,,,,,,,,,,,,,,1
,,13,וק',וקה̊̊לת,,,,,,,,,,,,,,1
,,14,ע',עם,,,,,,,,,,,,,,1
,,15,והבשתך,והושבת̇ך̇,Morphological,Orthographical,,,,,,,,,,,,1
,,,,והושבת̇ך̇,Lexical,,,,,,,,,,,,,1
,,16,,ב̊̊ע̇דת,,,,,,,,,,,,,,1
,,17,,שער,,,,,,,,,,,,,,1
,,18,,מ̊̊קום,,,,,,,,,,,,,,1
,,19,,תגור,,,,,,,,,,,,,,1
,,20,,אל,,,,,,,,,,,,,,2
,,21,,יהי,,,,,,,,,,,,,,2
,,22,,אשנב,,,,,,,,,,,,,,2
,,23,,ובית,,,,,,,,,,,,,,2
,,24,,מביט,,,,,,,,,,,,,,2
,,25,,מבוא,,,,,,,,,,,,,,2
,,26,,סביב,,,,,,,,,,,,,,2
,12,1,,לכל,,,,,,,,,,,,,,2
,,2,תזכר,זכ֟ר,Morphological,Grammatical,,,,,,,,,,,,2
,,3,,אל,,,,,,,,,,,,,,2
,,4,,תתן,,,,,,,,,,,,,,2
,,5,,תאר,,,,,,,,,,,,,,2
,,6,,ובית,,,,,,,,,,,,,,2
,,7,,נשים,,,,,,,,,,,,,,3
,,8,,אל,,,,,,,,,,,,,,3
,,9,תסתיד,תסתו֟יד,Morphological,Orthographical,,,,,,,,,,,,3
,13,1,,כי,,,,,,,,,,,,,,3
,,2,,מבגד,,,,,,,,,,,,,,3
,,3,,יצא,,,,,,,,,,,,,,3
,,4,,עש,,,,,,,,,,,,,,3
,,5,,ומאשה,,,,,,,,,,,,,,4
,,6,,רעת,,,,,,,,,,,,,,4
,,7,,אשה,,,,,,,,,,,,,,4
,14,1,טוב,מטוב,Morphological,Preposition,,,,,,,,,,,,4
,,2,רע,רוע,Morphological,Orthographical,,,,,,,,,,,,4
,,3,איש,איש,Same,,,,,,,,,,,,,4
,,4,מטוב,מטיב,Morphological,Grammatical,,,,,,,,,,,,5
,,5,אשה,אשה,Same,,,,,,,,,,,,,5
,,6,ובת,ובית,Morphological,Orthographical,,,,,,,,,,,,5
,,7,,מחרפת,Lexical,Metathesis,,,,,,,,,,,,5
,,8,תביע,תביע,Same,,,,,,,,,,,,,5
,,9,חרפה,אשה,Lexical,,,,,,,,,,,,,5
,15,1,,אזכר,,,,,,,,,,,,,,5
,,2,,נא,,,,,,,,,,,,,,5
,,3,,מעשי,,,,,,,,,,,,,,5
,,4,,אל,,,,,,,,,,,,,,5
,,5,,וזה,,,,,,,,,,,,,,6
,,6,,חזיתי,,,,,,,,,,,,,,6
,,7,,ואספרה,,,,,,,,,,,,,,6
,,8,,באומר,,,,,,,,,,,,,,6
,,9,,אלהים,,,,,,,,,,,,,,6
,,10,מעשיו,רצ֟ו̊̊נו,Lexical,Singular/Plural,,,,,,,,,,,,6
,,11,,ופועל,,,,,,,,,,,,,,6
,,12,,רצונו,,,,,,,,,,,,,,7
,,13,לקח,לק֟חו,Morphological,Grammatical,,,,,,,,,,,,7
,16,1,,שמש,,,,,,,,,,,,,,7
,,2,,זור̇ח̇ת,,,,,,,,,,,,,,7
,,3,,על,,,,,,,,,,,,,,7
,,4,,כל,,,,,,,,,,,,,,7
,,5,,נגלתה,,,,,,,,,,,,,,7
,,6,,וכבוד,,,,,,,,,,,,,,7
,,7,,ייי,,,,,,,,,,,,,,8
,,8,,על,,,,,,,,,,,,,,8
,,9,,כל,,,,,,,,,,,,,,8
,,10,,מעשיו,,,,,,,,,,,,,,8
,17,1,,לא,,,,,,,,,,,,,,8
,,2,,הספיקו,,,,,,,,,,,,,,8
,,3,,קדושי,,,,,,,,,,,,,,8
,,4,,אל,,,,,,,,,,,,,,8
,,5,,לספר,,,,,,,,,,,,,,8
,,6,,,,,,,,,,,,,,,,9
,,7,גבורותיו,נפלאות,Lexical,Suffix Pron.,,,,,,,,,,,,9
,,8,,יי֟י,,,,,,,,,,,,,,9
,,9,,אימ֟ץ,Morphological,Grammatical,,,,,,,,,,,,9
,,10,,אלהים,,,,,,,,,,,,,,9
,,11,,צבאיו,,,,,,,,,,,,,,9
,,12,,להת֟חזק,,,,,,,,,,,,,,9
,,13,,לפני,,,,,,,,,,,,,,9
,,14,להחזיק,כבודו,Lexical,Suffix Pron.,,,,,,,,,,,,9
,18,1,,תהום,,,,,,,,,,,,,,9
,,2,,ולב,,,,,,,,,,,,,,9
,,3,,ח֔קר,,,,,,,,,,,,,,9
,,4,,ובכל,,,,,,,,,,,,,,10
,,5,,מערומיהם,,,,,,,,,,,,,,10
,,6,,יתבונן,,,,,,,,,,,,,,10
,,7,,>,,,,,,,,,,,,,,10
,,8,,>,,,,,,,,,,,,,,10
,,9,,>,,,,,,,,,,,,,,10
,,10,,>,,,,,,,,,,,,,,10
,,11,,>,,,,,,,,,,,,,,11
,,12,,>,,,,,,,,,,,,,,11
,,13,,>,,,,,,,,,,,,,,11
,,14,,>,,,,,,,,,,,,,,11
,19,1,,מ̇חוה,,,,,,,,,,,,,,11
,,2,,חליפות,,,,,,,,,,,,,,11
,,3,ונהיות,נ֟היות,,,,,,,,,,,,,,11
,,4,,ומגלה,,,,,,,,,,,,,,11
,,5,,חקר,,,,,,,,,,,,,,11
,,6,,נסתרות,,,,,,,,,,,,,,12
,20,1,,ל̇א̊̊,,,,,,,,,,,,,,12
,,2,,נ̊̊ע̇דר,,,,,,,,,,,,,,12
,,3,,ממנו,,,,,,,,,,,,,,12
,,4,,כל,,,,,,,,,,,,,,12
,,5,,שכל,,,,,,,,,,,,,,12
,,6,,ולא,,,,,,,,,,,,,,12
,,7,חלף,חלפ֟ו,Morphological,Grammatical,,,,,,,,,,,,12
,,8,מנו,,Plus_Minus,,,,,,,,,,,,,13
,,9,כל,כל,Same,,,,,,,,,,,,,13
,,10,ד֟בר,ד֟בר,Same,,,,,,,,,,,,,13
,21,1,,גב̊̊[ור]ת̊̊,Unclassifiable,,,,,,,,,,,,,13
,,2,,ח̊̊כ̊̊מ̊̊תו,,,,,,,,,,,,,,13
,,3,,תכן,,,,,,,,,,,,,,13
,,4,,אחד,,,,,,,,,,,,,,13
,,5,,הוא,,,,,,,,,,,,,,13
,,6,מהעולם,מע֟ולם,Morphological,Determination,,,,,,,,,,,,13
,,7,,ל̇[א,,,,,,,,,,,,,,13
,,8,,נ]א̊̊ס̊̊ף,,,,,,,,,,,,,,14
,,9,,לא,,,,,,,,,,,,,,14
,,10,,נאצל,,,,,,,,,,,,,,14
,,11,,ולא,,,,,,,,,,,,,,14
,,12,צרך,צרי֟ך,Morphological,Grammatical,,,,,,,,,,,,14
,,13,,לכל,,,,,,,,,,,,,,14
,,14,,מבין,,,,,,,,,,,,,,14
,23a/25a,1,,הוא,,,,,,,,,,,,,,14
,,2,,ח̊̊[י,,,,,,,,,,,,,,15
,,3,וקים,ו]ע̊̊מ֟̊̊ד̊̊,Unclassifiable,,,,,,,,,,,,,15
,,4,,לע̇ד̇,,,,,,,,,,,,,,15
,,5,,זה֟,,,,,,,,,,,,,,15
,,6,,על,,,,,,,,,,,,,,15
,,7,,זה֟,,,,,,,,,,,,,,15
,,8,,חלף֟,,,,,,,,,,,,,,15
,,9,טוב,טובו,Morphological,Suffix Pron.,,,,,,,,,,,,15
,,10,לכל,לכל,Same,,,,,,,,,,,,,16
,,11,צרוך,צרוך,Same,,,,,,,,,,,,,16
,,12,הכל,הכל,Same,,,,,,,,,,,,,16
,,13,נשמע,נשמע,Same,,,,,,,,,,,,,16
,25b/43:1a,1,ומי,וימי,Lexical,,,,,,,,,,,,,16
,,2,,ישב̇[ע],,,,,,,,,,,,,,16
,,3,,ל[ה]ב̊̊[י]ט̊̊,,,,,,,,,,,,,,16
,,4,,ה̊̊ד̊̊ם,,,,,,,,,,,,,,16
,,5,תואר,ת̇ו̊̊א̊̊ר̊̊[,,,,,,,,,,,,,,16
,,6,,,,,,,,,,,,,,,,16
,,7,רקע,,,,,,,,,,,,,,,16
,,8,על,,,,,,,,,,,,,,,16
,,9,טהר̇̇,]לט̊̊ו̊̊ה̊̊ר̊̊,,,,,,,,,,,,,,17
,43:1b/42:23b,1,ועצם,ועצם,Same,,,,,,,,,,,,,17
,,2,,שמים̇,,,,,,,,,,,,,,17
,,3,מביט,מ̇רביט,Lexical,,,,,,,,,,,,,17
,,4,נהרה,הדרו,Lexical,,,,,,,,,,,,,17
,,5,,ולכל,,,,,,,,,,,,,,17
,,6,,צ̊̊ו̊̊ר̊̊ך,,,,,,,,,,,,,,17
,,7,,הכ̊̊ל̊̊,,,,,,,,,,,,,,18
,,8,,ישמע,,,,,,,,,,,,,,18
,24,1,,כלם,,,,,,,,,,,,,,18
,,2,,שונים,,,,,,,,,,,,,,1
,,3,,זה,,,,,,,,,,,,,,1
,,4,,מזה,,,,,,,,,,,,,,1
,,5,,,,,,,,,,,,,,,,1
,,6,,ולא,,,,,,,,,,,,,,1
,,7,,עשה,,,,,,,,,,,,,,1
,,8,,מהם,,,,,,,,,,,,,,1
,,9,,שיב̇,,,,,,,,,,,,,,1
43,2,1,,שמש,,,,,,,,,,,,,,1
,,2,מופיע,מביע֟,Lexical,,,,,,,,,,,,,2
,,3,בצאתו,בצרתו,Lexical,,,,,,,,,,,,,2
,,4,,חמה,,,,,,,,,,,,,,2
,,5,,מה,,,,,,,,,,,,,,2
,,6,,נורא,,,,,,,,,,,,,,2
,,7,,מעשי,,,,,,,,,,,,,,2
,,8,,ייי,,,,,,,,,,,,,,2
,3,1,,בהצהירו,,,,,,,,,,,,,,2
,,2,,ירתיח,,,,,,,,,,,,,,3
,,3,,תבל,,,,,,,,,,,,,,3
,,4,,לפני,,,,,,,,,,,,,,3
,,5,,חרבו,,,,,,,,,,,,,,3
,,6,,מי,,,,,,,,,,,,,,3
,,7,,יתכלכל,,,,,,,,,,,,,,3
,4,1,,כור,,,,,,,,,,,,,,3
,,2,,נפוח,,,,,,,,,,,,,,3
,,3,,מהם̇,,,,,,,,,,,,,,3
,,4,מוצק,מצו֟ק,Morphological,Grammatical,,,,,,,,,,,,3
,,5,שלוח,שו֟לח,Morphological,Grammatical,,,,,,,,,,,,3
,,6,,שמש,,,,,,,,,,,,,,3
,,7,יסיק,ידלי֟ק,Morphological,Synonym,,,,,,,,,,,,3
,,8,,הרים,,,,,,,,,,,,,,3
,,9,לשון,לש֟און,Lexical,,,,,,,,,,,,,3
,,10,,מאור,,,,,,,,,,,,,,3
,,11,,תג̇מר,,,,,,,,,,,,,,3
,,12,,נושבת,,,,,,,,,,,,,,4
,,13,,ומנורה,,,,,,,,,,,,,,4
,,14,,תכוה,,,,,,,,,,,,,,4
,,15,,עין,,,,,,,,,,,,,,4
,5,1,,כי,,,,,,,,,,,,,,4
,,2,גדול,ג֟דיל,Morphological,Grammatical,,,,,,,,,,,,4
,,3,עליון,ייי֟,Lexical,Synonym,,,,,,,,,,,,4
,,4,ע̇שה,עושהו,Morphological,Suffix Pron.,,,,,,,,,,,,4
,,5,,ודבריו,,,,,,,,,,,,,,4
,,6,,ינצ֟ח,,,,,,,,,,,,,,5
,,7,,אביריו,,,,,,,,,,,,,,5
,6,1,,וגם,,,,,,,,,,,,,,5
,,2,,ירח,,,,,,,,,,,,,,5
,,3,,ירח,,,,,,,,,,,,,,5
,,4,עת,עתות֟,,,,,,,,,,,,,,5
,,5,עת,שבות,,,,,,,,,,,,,,5
,,6,,ממשלת,,,,,,,,,,,,,,5
,,7,,קץ,,,,,,,,,,,,,,6
,,8,,ואות,,,,,,,,,,,,,,6
,,9,,עולם,,,,,,,,,,,,,,6
,7,1,בו,בם֟,Morphological,Suffix Pron.,,,,,,,,,,,,6
,,2,,מועד,,,,,,,,,,,,,,6
,,3,וממנו,וז֟מני,Lexical,Suffix Pron.,,,,,,,,,,,,6
,,4,,חוק,,,,,,,,,,,,,,6
,,5,,וחפץ,,,,,,,,,,,,,,6
,,6,,ע̊̊ת̊̊ה,,,,,,,,,,,,,,6
,,7,,בתקופתו,,,,,,,,,,,,,,6
,8,1,,חדש,,,,,,,,,,,,,,7
,,2,כשמו,בחד֟שו,Lexical,,,,,,,,,,,,,7
,,3,והוא,ה֟וא,Morphological,Coordination,,,,,,,,,,,,7
,,4,,מתחדש,,,,,,,,,,,,,,7
,,5,,מה,,,,,,,,,,,,,,7
,,6,,נורא,,,,,,,,,,,,,,7
,,7,,בהשתנותו,Lexical,,,,,,,,,,,,,7
,,8,,כלי,,,,,,,,,,,,,,7
,,9,,צבא,,,,,,,,,,,,,,7
,,10,,נבלי,,,,,,,,,,,,,,7
,,11,,מרום,,,,,,,,,,,,,,7
,,12,,מרצ֟ף,,,,,,,,,,,,,,7
,,13,,רקיע,,,,,,,,,,,,,,7
,,14,,מזהירתו,,,,,,,,,,,,,,7
,9,1,,תואר,,,,,,,,,,,,,,7
,,2,,שמים,,,,,,,,,,,,,,8
,,3,,והדר,,,,,,,,,,,,,,8
,,4,,כוכב,,,,,,,,,,,,,,8
,,5,עדי,ואורו֟,,,,,,,,,,,,,,8
,,6,משריק,מזהיר,Lexical,Synonym,,,,,,,,,,,,8
,,7,ב',במרומי,,,,,,,,,,,,,,8
,,8,אל,אל,Same,,,,,,,,,,,,,8
,10,1,,בדבר,,,,,,,,,,,,,,8
,,2,,אל,,,,,,,,,,,,,,8
,,3,,יעמד,,,,,,,,,,,,,,8
,,4,,חק,,,,,,,,,,,,,,8
,,5,,ולא,,,,,,,,,,,,,,9
,,6,ישון,יש֟ח,Lexical,Anthonym,,,,,,,,,,,,9
,,7,,באשמרותם̇,,,,,,,,,,,,,,9
,11,1,,ראה,,,,,,,,,,,,,,9
,,2,,קשת,,,,,,,,,,,,,,9
,,3,,וברך,,,,,,,,,,,,,,9
,,4,עושה,עוש֟יה,Morphological,Suffix Pron.,,,,,,,,,,,,9
,,5,,כי,,,,,,,,,,,,,,9
,,6,,מאד,,,,,,,,,,,,,,9
,,7,נהדרה,נא֟דרה,,,,,,,,,,,,,,10
,,8,,ב̊̊כ̊̊ב̇וד,,,,,,,,,,,,,,10
,12,1,הוד,חוק֟,Lexical,,,,,,,,,,,,,10
,,2,,הקיפה,,,,,,,,,,,,,,10
,,3,בכבודו,בכבודה,,,,,,,,,,,,,,10
,,4,,ויד,,,,,,,,,,,,,,10
,,5,לׂא,א֟ל,Lexical,Synonym,,,,,,,,,,,,10
,,6,,נטתה,,,,,,,,,,,,,,10
,,7,,בגב̊̊ו̊̊ר̊̊ה̊̊,,,,,,,,,,,,,,10
,13,1,,גבורתו,,,,,,,,,,,,,,10
,,2,,תתוה,,,,,,,,,,,,,,10
,,3,,ברק,Lexical,Metathesis,,,,,,,,,,,,10
,,4,,ותנצח֟,Lexical,,,,,,,,,,,,,10
,,5,,זיקות,Lexical,,,,,,,,,,,,,11
,,,תנצח,ותנצח֟,Morphological,Coordination,,,,,,,,,,,,11
,,,זלקים,זיקות,Lexical,,,,,,,,,,,,,11
,,6,,ב̇מ̇ש̊̊[פט],,,,,,,,,,,,,,11
,14,1,למענו,למ֟ען,Morphological,Suffix Pron.,,,,,,,,,,,,11
,,2,,ברא,,,,,,,,,,,,,,11
,,3,,אוצר̊̊,,,,,,,,,,,,,,11
,,4,,ויעף,,,,,,,,,,,,,,11
,,5,,עב̊̊י̊̊ם̇,,,,,,,,,,,,,,11
,,6,,כ̊̊ע̊̊י̊̊ט̊̊,,,,,,,,,,,,,,12
,17,1,,קול,,,,,,,,,,,,,,12
,,2,,ר̊̊ע̇מ̊̊ו̇,,,,,,,,,,,,,,12
,,3,יחיל,יחו̇ל,,,,,,,,,,,,,,12
,,4,,ארצו,,,,,,,,,,,,,,12
,,5,עלעול,ז̇לעפות,Morphological,Singular/Plural,,,,,,,,,,,,12
,,6,>,צ̊̊פ̊̊ו̊̊ן,,,,,,,,,,,,,,12
,,7,,סופה,,,,,,,,,,,,,,12
,,8,,וסערה,,,,,,,,,,,,,,12
,,9,כר',ב̊̊ר֟שף,,,,,,,,,,,,,,13
,,10,,יניף,,,,,,,,,,,,,,13
,,11,,שלגו,,,,,,,,,,,,,,13
,,12,,וכארבה,,,,,,,,,,,,,,13
,,13,,ישכון,,,,,,,,,,,,,,13
,,14,רד',ד֟רתו,,,,,,,,,,,,,,13
,16,1,ובכוחו,,,,,,,,,,,,,,,13
,,2,יזעים,,,,,,,,,,,,,,,13
,,3,הרים,,,,,,,,,,,,,,,13
,,4,אימתו,,,,,,,,,,,,,,,13
,,5,תחרף,,,,,,,,,,,,,,,13
,,6,תימן,,,,,,,,,,,,,,,13
,18,1,,תואר,,,,,,,,,,,,,,13
,,2,,לבנה̇,,,,,,,,,,,,,,13
,,3,יהגה,יג֟הה,Lexical,,,,,,,,,,,,,13
,,4,,עינים,,,,,,,,,,,,,,13
,,5,,וממטרו,,,,,,,,,,,,,,13
,,6,,יהמה,,,,,,,,,,,,,,13
,,7,,לבב,,,,,,,,,,,,,,13
,19,1,,וגם,,,,,,,,,,,,,,14
,,2,,כפור,,,,,,,,,,,,,,14
,,3,,כמלח,,,,,,,,,,,,,,14
,,4,ישפך,י̇ש֟כון,Lexical,,,,,,,,,,,,,14
,,5,,ויציץ,,,,,,,,,,,,,,14
,,6,,כספיר,,,,,,,,,,,,,,14
,,7,,ציצים,,,,,,,,,,,,,,14
,20,1,,צינת,,,,,,,,,,,,,,14
,,2,,רוח,,,,,,,,,,,,,,14
,,3,,צפון,,,,,,,,,,,,,,14
,,4,,ישיב,,,,,,,,,,,,,,14
,,5,,וכרקב,,,,,,,,,,,,,,14
,,6,,יקפיא,,,,,,,,,,,,,,14
,,7,מקוה,מקו֟רו,Lexical,Suffix Pron.,,,,,,,,,,,,14
,,8,,על,,,,,,,,,,,,,,14
,,9,,כל,,,,,,,,,,,,,,14
,,10,,מעמד,,,,,,,,,,,,,,14
,,11,,מים,,,,,,,,,,,,,,14
,,12,,יקרים,,,,,,,,,,,,,,15
,,13,,וכשרין,,,,,,,,,,,,,,15
,,14,,ילבש,,,,,,,,,,,,,,15
,,15,,מקוה,,,,,,,,,,,,,,15
,21,1,,יבול,,,,,,,,,,,,,,15
,,2,,הרים,,,,,,,,,,,,,,15
,,3,,כחרב,,,,,,,,,,,,,,15
,,4,,ישיק,,,,,,,,,,,,,,15
,,5,,ונו֟ה,,,,,,,,,,,,,,15
,,6,,צמחים,,,,,,,,,,,,,,15
,,7,,כלהבה,,,,,,,,,,,,,,16
,22,1,,מרפא,,,,,,,,,,,,,,16
,,2,,כל,,,,,,,,,,,,,,16
,,3,,מערף,,,,,,,,,,,,,,16
,,4,,ענן,,,,,,,,,,,,,,16
,,5,,טל,Same,,,,,,,,,,,,,16
,,6,,פורע,Same,,,,,,,,,,,,,16
,,7,,לדשן,,,,,,,,,,,,,,16
,,8,,שרב,Lexical,,,,,,,,,,,,,16
,23,1,,מחש֟בתו,Lexical,,,,,,,,,,,,,16
,,2,,ת̇שיק,,,,,,,,,,,,,,17
,,3,,ר̊̊בה,,,,,,,,,,,,,,17
,,4,,ויט,,,,,,,,,,,,,,17
,,5,,בתהום,,,,,,,,,,,,,,17
,,6,אוצר,אי֟ים,Lexical,,,,,,,,,,,,,17
,24,1,,יורדי,,,,,,,,,,,,,,17
,,2,,הים,,,,,,,,,,,,,,17
,,3,,יספרו,,,,,,,,,,,,,,17
,,4,,קצהו,,,,,,,,,,,,,,17
,,5,,לשמע,,,,,,,,,,,,,,17
,,6,,אזננו,,,,,,,,,,,,,,17
,,7,,נשתומם,,,,,,,,,,,,,,17
,25,1,,שם,,,,,,,,,,,,,,17
,,2,,פלאות,,,,,,,,,,,,,,17
,,3,,תמהי,,,,,,,,,,,,,,17
,,4,,מעש֟הו,Morphological,Singular/Plural,,,,,,,,,,,,17
,,5,,מין,,,,,,,,,,,,,,17
,,6,,כל,,,,,,,,,,,,,,17
,,7,,חי,,,,,,,,,,,,,,17
,,8,,וגבורות,,,,,,,,,,,,,,17
,,9,,רבה,,,,,,,,,,,,,,17
,30,1,, מ̇ג̊̊[ד],,,,,,,,,,,,,,18
,,2,,לי̊̊,,,,,,,,,,,,,,18
,,3,,י̊̊י̊̊י̊̊,,,,,,,,,,,,,,18
,,4,,ה̊̊רימו,,,,,,,,,,,,,,1
,,5,,קול,,,,,,,,,,,,,,1
,,6,,בכל,,,,,,,,,,,,,,1
,,7,,תוכלו,,,,,,,,,,,,,,1
,,8,,כי,,,,,,,,,,,,,,1
,,9,,יש,,,,,,,,,,,,,,1
,,10,,עוד,,,,,,,,,,,,,,1
,,11,,מרומים,,,,,,,,,,,,,,1
,,12,,תחליפו,,,,,,,,,,,,,,2
,,13,,כח,,,,,,,,,,,,,,2
,,14,,ואל,,,,,,,,,,,,,,2
,,15,,תלאו,,,,,,,,,,,,,,2
,,16,,כי,,,,,,,,,,,,,,2
,,17,,לא,,,,,,,,,,,,,,2
,,18,,ת,,,,,,,,,,,,,,2
44,1,1,,אהללה,,,,,,,,,,,,,,2
,,2,,נא,,,,,,,,,,,,,,2
,,3,,אנשי,,,,,,,,,,,,,,2
,,4,,חסד,,,,,,,,,,,,,,2
,,5,את,,Plus_Minus,,,,,,,,,,,,,2
,,6, (אב[ותינו),אבותינו,Unclassifiable,,,,,,,,,,,,,3
,,7,,בדורותם,,,,,,,,,,,,,,3
,2,1,,רב,,,,,,,,,,,,,,3
,,2,,כבוד,,,,,,,,,,,,,,3
,,3, להם,חלק֟,Lexical,Suffix Pron.,,,,,,,,,,,,3
,,4,,עליון,,,,,,,,,,,,,,3
,,5,,וגדלו,,,,,,,,,,,,,,3
,,6,,מימות,,,,,,,,,,,,,,3
,,7,,עולם,,,,,,,,,,,,,,3
,3,1,,דור֟י,Lexical,,,,,,,,,,,,,3
,,2,,ארץ,,,,,,,,,,,,,,3
,,3,,במלכותם,,,,,,,,,,,,,,3
,,4,,ואנשי,,,,,,,,,,,,,,3
,,5,,שם,,,,,,,,,,,,,,3
,,6,,בגבור֟תם,Morphological,Masc/Fem,,,,,,,,,,,,3
,,7,יו‘,הי֟ועצים,,,,,,,,,,,,,,3
,,8,,בתבונתם,,,,,,,,,,,,,,3
,,9,,ב̊̊ע̊̊ו̇לם,,,,,,,,,,,,,,3
,,10,,וחוזי,,,,,,,,,,,,,,3
,,11,,כל,,,,,,,,,,,,,,3
,,12,,בנבואתם,,,,,,,,,,,,,,3
,4,1,,שרי,,,,,,,,,,,,,,4
,,2,,גוים,,,,,,,,,,,,,,4
,,3,,במזמתם,,,,,,,,,,,,,,4
,,4,,ורוזנים,,,,,,,,,,,,,,4
,,5,,במחקרותם,,,,,,,,,,,,,,4
,,6,,חכ̇מי,,,,,,,,,,,,,,4
,,7,,שיח,,,,,,,,,,,,,,4
,,8,במס‘,בס֟פרתם,Morphological,Preposition,,,,,,,,,,,,4
,,9,,ומושלים,,,,,,,,,,,,,,4
,,10,,במשמרותם,,,,,,,,,,,,,,4
,5,1,,חוקרי,,,,,,,,,,,,,,4
,,2,,מזמור,,,,,,,,,,,,,,4
,,3,,על,,,,,,,,,,,,,,4
,,4,קו,חו֟ק,Lexical,,,,,,,,,,,,,4
,,5,,נושאי,,,,,,,,,,,,,,4
,,6,,משל,,,,,,,,,,,,,,4
,,7,,ב̇כתב,,,,,,,,,,,,,,4
,6,1,,אנשי,,,,,,,,,,,,,,4
,,2,,חיל,,,,,,,,,,,,,,4
,,3,,וסומכי,,,,,,,,,,,,,,4
,,4,,כח,,,,,,,,,,,,,,4
,,5,,ושוקטים,,,,,,,,,,,,,,5
,,6,,על,,,,,,,,,,,,,,5
,,7,,מכונתם,,,,,,,,,,,,,,5
,7,1,,כל,,,,,,,,,,,,,,5
,,2,,אלה,,,,,,,,,,,,,,5
,,3,,בדורם֟,Lexical,,,,,,,,,,,,,5
,,4,,,,,,,,,,,,,,,,5
,,5,ובימיהם,ומימ֟יהם,Morphological,Preposition,,,,,,,,,,,,5
,,6,,,,,,,,,,,,,,,,5
,,7,,תפארתם,,,,,,,,,,,,,,5
,8,1,,יש,,,,,,,,,,,,,,5
,,2,,מהם,,,,,,,,,,,,,,5
,,3,,הניחו,,,,,,,,,,,,,,5
,,4,,שם,,,,,,,,,,,,,,5
,,5,,להשתענות,Lexical,,,,,,,,,,,,,5
,,,,,Plus_Minus,,,,,,,,,,,,,5
,,6,,בנחלתם,,,,,,,,,,,,,,6
,9,1,,ויש,,,,,,,,,,,,,,6
,,2,,מהם,,,,,,,,,,,,,,6
,,3,,אשר,,,,,,,,,,,,,,6
,,4,,אין,,,,,,,,,,,,,,6
,,5,,לו,,,,,,,,,,,,,,6
,,6,,זכר,,,,,,,,,,,,,,6
,,7,,וישבתו,,,,,,,,,,,,,,6
,,8,,כאשר,,,,,,,,,,,,,,6
,,9,,שבת̇ו,,,,,,,,,,,,,,6
,,10,,כאשר,,,,,,,,,,,,,,6
,,11,,לא,,,,,,,,,,,,,,6
,,12,,היו,,,,,,,,,,,,,,6
,,13,,היו,,,,,,,,,,,,,,6
,,14,,ובניהם,,,,,,,,,,,,,,6
,,15,,מאחריהם,,,,,,,,,,,,,,6
,10,1,,ואולם,,,,,,,,,,,,,,6
,,2,,אלה,,,,,,,,,,,,,,6
,,3,,אנשי,,,,,,,,,,,,,,6
,,4,,חסד,,,,,,,,,,,,,,6
,,5,,ותקותם,,,,,,,,,,,,,,6
,,6,,לא̊̊,,,,,,,,,,,,,,6
,,7,,ת̊̊כ̊̊[ר]ת,,,,,,,,,,,,,,6
,11,1,,עם,,,,,,,,,,,,,,6
,,2,,זרעם,,,,,,,,,,,,,,6
,,3,,נאמן,,,,,,,,,,,,,,6
,,4,,טובם,,,,,,,,,,,,,,6
,,5,,ונחלתם,,,,,,,,,,,,,,6
,,6,,לב̊̊נ̊̊[י],,,,,,,,,,,,,,6
,,7,,ב̊̊[ניה]ם̊̊,,,,,,,,,,,,,,6
,12,1,,>,,,,,,,,,,,,,,6
,,2,,>,,,,,,,,,,,,,,6
,,3,,>,,,,,,,,,,,,,,6
,,4,,>,,,,,,,,,,,,,,6
,,5,,>,,,,,,,,,,,,,,6
,,6,,>,,,,,,,,,,,,,,7
,13,1,,עד,,,,,,,,,,,,,,7
,,2,,עולם,,,,,,,,,,,,,,7
,,3,,יעמד,,,,,,,,,,,,,,7
,,4,,זכרם,,,,,,,,,,,,,,7
,,5,,וצדקתם,,,,,,,,,,,,,,7
,,6,,לא̊̊,,,,,,,,,,,,,,7
,,7,,[תמח]ה̊̊,,,,,,,,,,,,,,7
,14,1,,[גו]י̊̊ת̊̊ם̊̊,,,,,,,,,,,,,,7
,,2,,ב̊̊ש̊̊לו̊̊ם̊̊,,,,,,,,,,,,,,7
,,3,,נ̊̊א̊̊ס̊̊[פה],,,,,,,,,,,,,,7
,,4,,[ו]ש̊̊מ̊̊ם̊̊,,,,,,,,,,,,,,7
,,5,,ח̊̊[י],,,,,,,,,,,,,,7
,,6,,ל[דור],,,,,,,,,,,,,,7
,,7,,ודור,,,,,,,,,,,,,,7
,15,1,חכמתם,>,Plus_Minus,,,,,,,,,,,,,7
,,2,תשנה,>,Plus_Minus,,,,,,,,,,,,,7
,,3,עדה,>,Plus_Minus,,,,,,,,,,,,,8
,,4,ותהלתם,>,Plus_Minus,,,,,,,,,,,,,8
,,5,יספר,>,Plus_Minus,,,,,,,,,,,,,8
,,6,קהל,>,Plus_Minus,,,,,,,,,,,,,8
,16,1,,חנוך,,,,,,,,,,,,,,8
,,2,,נמ̊̊צ̊̊א,,,,,,,,,,,,,,8
,,3,,תמים,,,,,,,,,,,,,,8
,,4,,והתהלך,,,,,,,,,,,,,,8
,,5,,עם,,,,,,,,,,,,,,8
,,6,,ייי,,,,,,,,,,,,,,8
,,7,,ו̇[נ]ל̇קח,,,,,,,,,,,,,,8
,,8,,אות,,,,,,,,,,,,,,8
,,9,,דעת,,,,,,,,,,,,,,8
,,10,,לדור,,,,,,,,,,,,,,8
,,11,,ודור,,,,,,,,,,,,,,9
,17,1,,[נ]ח̊̊,,,,,,,,,,,,,,9
,,2,,צדיק,,,,,,,,,,,,,,9
,,3,,נמצא,,,,,,,,,,,,,,9
,,4,,תמים,,,,,,,,,,,,,,9
,,5,ב‘,ל֟עת,,,,,,,,,,,,,,9
,,6,,כלה,,,,,,,,,,,,,,9
,,7,,היה,,,,,,,,,,,,,,9
,,8,,תחליף,,,,,,,,,,,,,,9
,,9,,בעבורו,,,,,,,,,,,,,,9
,,10,,היה,,,,,,,,,,,,,,9
,,11,,שארית,,,,,,,,,,,,,,9
,,12,,ובבריתו,,,,,,,,,,,,,,10
,,13,,חדל,,,,,,,,,,,,,,10
,,14,,מבול,,,,,,,,,,,,,,10
51,13,1,,אני,,,,,,,,,,,,,,10
,,2,,נער,,,,,,,,,,,,,,10
,,3,,הייתי,,,,,,,,,,,,,,10
,,4,,וחפצתי,,,,,,,,,,,,,,10
,,5,,בה,,,,,,,,,,,,,,10
,,6,,ובקשתיה,,,,,,,,,,,,,,11
,15,1,,,,,,,,,,,,,,,,11
,,2,,,,,,,,,,,,,,,,11
,,3,,,,,,,,,,,,,,,,11
,,4,,,,,,,,,,,,,,,,11
,,5,,,,,,,,,,,,,,,,11
,,6,,,,,,,,,,,,,,,,11
,,7,,,,,,,,,,,,,,,,11
,,8,,,,,,,,,,,,,,,,12
,,9,,,,,,,,,,,,,,,,12
,,10,,באמתה,,,,,,,,,,,,,,12
,,11,,דרכה,,,,,,,,,,,,,,12
,,12,,רגלי,,,,,,,,,,,,,,12
,,13,,אדני,,,,,,,,,,,,,,12
,,14,,מנעורי,,,,,,,,,,,,,,12
,,15,,חכמה,,,,,,,,,,,,,,12
,14/16,1,,ואתפלל,,,,,,,,,,,,,,12
,,2,,תפלה,,,,,,,,,,,,,,12
,,3,,בנערותי,,,,,,,,,,,,,,12
,,4,,והרבה,,,,,,,,,,,,,,12
,,5,,מצאתי,,,,,,,,,,,,,,13
,,6,,דעה,,,,,,,,,,,,,,13
,17,1,,עלה,,,,,,,,,,,,,,13
,,2,,היה,,,,,,,,,,,,,,13
,,3,,לי,,,,,,,,,,,,,,13
,,4,,לכבוד,,,,,,,,,,,,,,13
,,5,,ולמלמדי,,,,,,,,,,,,,,13
,,6,,אתן,,,,,,,,,,,,,,13
,,7,,הודאה,,,,,,,,,,,,,,13
,18,1,,חשבתי,,,,,,,,,,,,,,13
,,2,,להיטיב,,,,,,,,,,,,,,13
,,3,,,,,,,,,,,,,,,,13
,,4,,,,,,,,,,,,,,,,13
,,5,,ולא,,,,,,,,,,,,,,14
,,6,,אהפך,,,,,,,,,,,,,,14
,,7,,כי,,,,,,,,,,,,,,14
,,8,,אמצאנו,,,,,,,,,,,,,,14
,19,1,,חשקה,,,,,,,,,,,,,,14
,,2,,נפשי,,,,,,,,,,,,,,14
,,3,,בה,,,,,,,,,,,,,,14
,,4,,ופני,,,,,,,,,,,,,,14
,,5,,לא,,,,,,,,,,,,,,14
,,6,,אהפך,,,,,,,,,,,,,,15
,,7,,ממנה,,,,,,,,,,,,,,15
,,8,,נפשי,,,,,,,,,,,,,,15
,,9,,נתתי,,,,,,,,,,,,,,15
,,10,,אחריה,,,,,,,,,,,,,,15
,,11,,לנצח,,,,,,,,,,,,,,15
,,12,,נצחים,,,,,,,,,,,,,,15
,,13,,לא,,,,,,,,,,,,,,15
,,14,,אטה̊̊,,,,,,,,,,,,,,15
,,15,,מ̊̊מ̊̊נ̊̊[ה],,,,,,,,,,,,,,15
,,16,,ידי,,,,,,,,,,,,,,16
,,17,,פתחה,,,,,,,,,,,,,,16
,,18,,שעריה,,,,,,,,,,,,,,16
,,19,,ולה,,,,,,,,,,,,,,16
,,20,,אה̇ד̇ר̇,,,,,,,,,,,,,,16
,,21,,ואביט,,,,,,,,,,,,,,16
,,22,,בה̊̊,,,,,,,,,,,,,,16
,20,1,,בטהרה,,,,,,,,,,,,,,16
,,2,,מצאתיה,,,,,,,,,,,,,,16
,,3,,ולב,,,,,,,,,,,,,,16
,,4,,קניתי,,,,,,,,,,,,,,16
,,5,,לה,,,,,,,,,,,,,,17
,,6,,מתחלתה,,,,,,,,,,,,,,17
,,7,,בעבור,,,,,,,,,,,,,,17
,,8,,כ̊̊ן̊̊[,,,,,,,,,,,,,,17